<?xml version="1.0" encoding="UTF-8"?><CarePlan xmlns="http://hl7.org/fhir">
  <id value="f002"/>
  <meta>
    <security>
      <system value="http://terminology.hl7.org/CodeSystem/v3-ActReason"/>
      <code value="HTEST"/>
      <display value="test health data"/>
    </security>
  </meta>
  <text><status value="generated"/><div xmlns="http://www.w3.org/1999/xhtml"><p><b>Generated Narrative: CarePlan</b><a name="f002"> </a></p><div style="display: inline-block; background-color: #d9e0e7; padding: 6px; margin: 4px; border: 1px solid #8da1b4; border-radius: 5px; line-height: 60%"><p style="margin-bottom: 0px">Resource CarePlan "f002" </p></div><p><b>identifier</b>: id: CP2934 (use: OFFICIAL)</p><p><b>status</b>: completed</p><p><b>intent</b>: plan</p><p><b>subject</b>: <a href="patient-example-f001-pieter.html">Patient/f001: P. van de Heuvel</a> "Pieter VAN DE HEUVEL"</p><p><b>period</b>: 2011-07-06 --&gt; 2013-07-07</p><p><b>careTeam</b>: <a name="careteam"> </a></p><blockquote><p/><p><a name="careteam"> </a></p><h3>Participants</h3><table class="grid"><tr><td>-</td><td><b>Member</b></td></tr><tr><td>*</td><td><a href="practitioner-example-f003-mv.html">Practitioner/f003: M.I.M. Versteegh</a> "Marc VERSTEEGH"</td></tr></table></blockquote><h3>Addresses</h3><table class="grid"><tr><td>-</td><td><b>Reference</b></td></tr><tr><td>*</td><td><a href="condition-example-f201-fever.html">Condition/f201: ?????</a></td></tr></table><p><b>goal</b>: <a name="goal"> </a></p><blockquote><p/><p><a name="goal"> </a></p><p><b>lifecycleStatus</b>: completed</p><p><b>achievementStatus</b>: Achieved <span style="background: LightGoldenRodYellow; margin: 4px; border: 1px solid khaki"> (<a href="http://terminology.hl7.org/5.1.0/CodeSystem-goal-achievement.html">Goal achievement status</a>#achieved)</span></p><p><b>description</b>: succesful surgery on lung of patient <span style="background: LightGoldenRodYellow; margin: 4px; border: 1px solid khaki"> ()</span></p><p><b>subject</b>: <a href="patient-example-f001-pieter.html">Patient/f001: P. van de Heuvel</a> "Pieter VAN DE HEUVEL"</p><p><b>note</b>: goal accomplished with minor complications</p></blockquote><h3>Activities</h3><table class="grid"><tr><td>-</td><td><b>PlannedActivityReference</b></td></tr><tr><td>*</td><td><a name="activity"> </a><blockquote><p/><p><a name="activity"> </a></p><p><b>status</b>: completed</p><p><b>intent</b>: order</p><h3>Codes</h3><table class="grid"><tr><td>-</td><td><b>Concept</b></td></tr><tr><td>*</td><td>Partial lobectomy of lung <span style="background: LightGoldenRodYellow; margin: 4px; border: 1px solid khaki"> (<a href="https://browser.ihtsdotools.org/">SNOMED CT</a>#359615001)</span></td></tr></table><p><b>subject</b>: <a href="patient-example-f001-pieter.html">Patient/f001: P. van de Heuvel</a> "Pieter VAN DE HEUVEL"</p><p><b>occurrence</b>: 2011-07-07T09:30:10+01:00</p><p><b>performer</b>: <a href="practitioner-example-f003-mv.html">Practitioner/f003: M.I.M. Versteegh</a> "Marc VERSTEEGH"</p></blockquote></td></tr></table></div></text><contained>
    <CareTeam>
        <id value="careteam"/>
        <participant>
    	    <member>
      		<reference value="Practitioner/f003"/>
      		<display value="M.I.M. Versteegh"/>
    	    </member>
  	</participant>
    </CareTeam>
  </contained>
  <contained>
    <Goal>
      <id value="goal"/>
      <lifecycleStatus value="completed"/>
	  <achievementStatus>
		<coding>
			<system value="http://terminology.hl7.org/CodeSystem/goal-achievement"/>
			<code value="achieved"/>
			<display value="Achieved"/>
		</coding>
		<text value="Achieved"/>
	  </achievementStatus>
      <description>
        <text value="succesful surgery on lung of patient"/>
      </description>
      <subject>
	<reference value="Patient/f001"/>
	<display value="P. van de Heuvel"/>
      </subject>      
      <note>
        <text value="goal accomplished with minor complications"/>
      </note>
    </Goal>
  </contained>
  <contained>
    <ServiceRequest>
      <id value="activity"/>
	  <status value="completed"/>
	  <intent value="order"/>
	  <code>
		<concept>
			<coding>
			  <system value="http://snomed.info/sct"/>
			  <code value="359615001"/>
			  <display value="Partial lobectomy of lung"/>
			</coding>
		</concept>
      </code>
	  <subject>
		<reference value="Patient/f001"/>
		<display value="P. van de Heuvel"/>
	  </subject>
      <occurrenceDateTime value="2011-07-07T09:30:10+01:00"/>
      <performer>
        <reference value="Practitioner/f003"/>
        <display value="M.I.M. Versteegh"/>
      </performer>
	</ServiceRequest>
  </contained>
  <identifier>
    <use value="official"/>
        <!--   urn:oid:2.16.840.1.113883.4.642.1.36   -->
    <system value="http://www.bmc.nl/zorgportal/identifiers/careplans"/>
    <value value="CP2934"/>
  </identifier>
  <status value="completed"/>
  <intent value="plan"/>
  <subject>
    <reference value="Patient/f001"/>
    <display value="P. van de Heuvel"/>
  </subject>  
  <period>
    <start value="2011-07-06"/>
    <end value="2013-07-07"/>
  </period>
  <careTeam>
    <reference value="#careteam"/>
  </careTeam>
  <addresses>
    <reference>
      <reference value="Condition/f201"/>
          <!--  TODO Correcte referentie  -->
      <display value="?????"/>
    </reference>
  </addresses>
  <goal>
    <reference value="#goal"/>
  </goal>
  <activity>
    <plannedActivityReference>
		<reference value="#activity"/>
	</plannedActivityReference>
      <!--   moved to contained
    <plannedActivityDetail>
      <kind value="ServiceRequest"/>
      <code>
        <coding>
          <system value="http://snomed.info/sct"/>
          <code value="359615001"/>
          <display value="Partial lobectomy of lung"/>
        </coding>
      </code>
      <status value="completed"/>
      <doNotPerform value="true"/>
      <scheduledString value="2011-07-07T09:30:10+01:00"/>
      <performer>
        <reference value="Practitioner/f003"/>
        <display value="M.I.M. Versteegh"/>
      </performer>
    </plannedActivityDetail>
	  -->
  </activity>
</CarePlan>