<?xml version="1.0" encoding="UTF-8"?><Condition xmlns="http://hl7.org/fhir">
  <id value="f002"/>
  <meta>
    <security>
      <system value="http://terminology.hl7.org/CodeSystem/v3-ActReason"/>
      <code value="HTEST"/>
      <display value="test health data"/>
    </security>
  </meta>
  <text><status value="generated"/><div xmlns="http://www.w3.org/1999/xhtml"><p><b>Generated Narrative: Condition</b><a name="f002"> </a></p><div style="display: inline-block; background-color: #d9e0e7; padding: 6px; margin: 4px; border: 1px solid #8da1b4; border-radius: 5px; line-height: 60%"><p style="margin-bottom: 0px">Resource Condition "f002" </p></div><p><b>clinicalStatus</b>: Active <span style="background: LightGoldenRodYellow; margin: 4px; border: 1px solid khaki"> (<a href="http://terminology.hl7.org/5.1.0/CodeSystem-condition-clinical.html">Condition Clinical Status Codes</a>#active)</span></p><p><b>verificationStatus</b>: Confirmed <span style="background: LightGoldenRodYellow; margin: 4px; border: 1px solid khaki"> (<a href="http://terminology.hl7.org/5.1.0/CodeSystem-condition-ver-status.html">ConditionVerificationStatus</a>#confirmed)</span></p><p><b>category</b>: diagnosis <span style="background: LightGoldenRodYellow; margin: 4px; border: 1px solid khaki"> (<a href="https://browser.ihtsdotools.org/">SNOMED CT</a>#439401001)</span></p><p><b>severity</b>: Severe <span style="background: LightGoldenRodYellow; margin: 4px; border: 1px solid khaki"> (<a href="https://browser.ihtsdotools.org/">SNOMED CT</a>#24484000)</span></p><p><b>code</b>: NSCLC - Non-small cell lung cancer <span style="background: LightGoldenRodYellow; margin: 4px; border: 1px solid khaki"> (<a href="https://browser.ihtsdotools.org/">SNOMED CT</a>#254637007)</span></p><p><b>bodySite</b>: Thorax <span style="background: LightGoldenRodYellow; margin: 4px; border: 1px solid khaki"> (<a href="https://browser.ihtsdotools.org/">SNOMED CT</a>#51185008)</span></p><p><b>subject</b>: <a href="patient-example-f001-pieter.html">Patient/f001: P. van de Heuvel</a> "Pieter VAN DE HEUVEL"</p><p><b>encounter</b>: <a href="encounter-example-f002-lung.html">Encounter/f002</a></p><p><b>onset</b>: 2011-05-05</p><p><b>recordedDate</b>: 2012-06-03</p><h3>Participants</h3><table class="grid"><tr><td>-</td><td><b>Function</b></td><td><b>Actor</b></td></tr><tr><td>*</td><td>Informant <span style="background: LightGoldenRodYellow; margin: 4px; border: 1px solid khaki"> (<a href="http://terminology.hl7.org/5.1.0/CodeSystem-provenance-participant-type.html">Provenance participant type</a>#informant)</span></td><td><a href="patient-example-f001-pieter.html">Patient/f001: P. van de Heuvel</a> "Pieter VAN DE HEUVEL"</td></tr></table><h3>Stages</h3><table class="grid"><tr><td>-</td><td><b>Summary</b></td><td><b>Type</b></td></tr><tr><td>*</td><td>stage II <span style="background: LightGoldenRodYellow; margin: 4px; border: 1px solid khaki"> (<a href="https://browser.ihtsdotools.org/">SNOMED CT</a>#258219007)</span></td><td>Clinical staging (qualifier value) <span style="background: LightGoldenRodYellow; margin: 4px; border: 1px solid khaki"> (<a href="https://browser.ihtsdotools.org/">SNOMED CT</a>#260998006)</span></td></tr></table><h3>Evidences</h3><table class="grid"><tr><td>-</td><td><b>Concept</b></td></tr><tr><td>*</td><td>CT of thorax <span style="background: LightGoldenRodYellow; margin: 4px; border: 1px solid khaki"> (<a href="https://browser.ihtsdotools.org/">SNOMED CT</a>#169069000)</span></td></tr></table></div></text><clinicalStatus>
    <coding>
      <system value="http://terminology.hl7.org/CodeSystem/condition-clinical"/>
      <code value="active"/>
    </coding>
  </clinicalStatus>

  <verificationStatus>
    <coding>
      <system value="http://terminology.hl7.org/CodeSystem/condition-ver-status"/>
      <code value="confirmed"/>
    </coding>
  </verificationStatus>
  <category>
    <coding>
      <system value="http://snomed.info/sct"/>
      <code value="439401001"/>
      <display value="diagnosis"/>
    </coding>
  </category>
  <severity>
    <coding>
      <system value="http://snomed.info/sct"/>
      <code value="24484000"/>
      <display value="Severe"/>
    </coding>
  </severity>
  <code>
    <coding>
      <system value="http://snomed.info/sct"/>
      <code value="254637007"/>
      <display value="NSCLC - Non-small cell lung cancer"/>
    </coding>
  </code>
  <bodySite>
    <coding>
      <system value="http://snomed.info/sct"/>
      <code value="51185008"/>
      <display value="Thorax"/>
    </coding>
  </bodySite>
  <subject>
    <reference value="Patient/f001"/>
    <display value="P. van de Heuvel"/>
  </subject>
  <encounter>
    <reference value="Encounter/f002"/>
  </encounter>
  <onsetDateTime value="2011-05-05"/>
  <recordedDate value="2012-06-03"/>
  <participant> 
    <function> 
      <coding> 
        <system value="http://terminology.hl7.org/CodeSystem/provenance-participant-type"/> 
        <code value="informant"/> 
        <display value="Informant"/> 
      </coding> 
    </function> 
    <actor> 
      <reference value="Patient/f001"/> 
      <display value="P. van de Heuvel"/> 
    </actor> 
  </participant> 
  <stage>
    <summary>
      <coding>
        <system value="http://snomed.info/sct"/>
        <code value="258219007"/>
        <display value="stage II"/>
      </coding>
    </summary>
	<type>
      <coding>
        <system value="http://snomed.info/sct"/>
        <code value="260998006"/>
        <display value="Clinical staging (qualifier value)"/>
      </coding>
    </type>
  </stage>
  <evidence>
    <concept>
      <coding>
        <system value="http://snomed.info/sct"/>
        <code value="169069000"/>
        <display value="CT of thorax"/>
      </coding>
    </concept>
  </evidence>
</Condition>