<?xml version="1.0" encoding="UTF-8"?><Encounter xmlns="http://hl7.org/fhir">
  <id value="f001"/>
    <meta>
    <security>
      <system value="http://terminology.hl7.org/CodeSystem/v3-ActReason"/>
      <code value="HTEST"/>
      <display value="test health data"/>
    </security>
  </meta>
  <text><status value="generated"/><div xmlns="http://www.w3.org/1999/xhtml"><p><b>Generated Narrative: Encounter</b><a name="f001"> </a></p><div style="display: inline-block; background-color: #d9e0e7; padding: 6px; margin: 4px; border: 1px solid #8da1b4; border-radius: 5px; line-height: 60%"><p style="margin-bottom: 0px">Resource Encounter "f001" </p></div><p><b>identifier</b>: id: v1451 (use: OFFICIAL)</p><p><b>status</b>: completed</p><p><b>class</b>: ambulatory <span style="background: LightGoldenRodYellow; margin: 4px; border: 1px solid khaki"> (<a href="http://terminology.hl7.org/5.1.0/CodeSystem-v3-ActCode.html">ActCode</a>#AMB)</span></p><p><b>priority</b>: Non-urgent cardiological admission <span style="background: LightGoldenRodYellow; margin: 4px; border: 1px solid khaki"> (<a href="https://browser.ihtsdotools.org/">SNOMED CT</a>#310361003)</span></p><p><b>type</b>: Patient-initiated encounter <span style="background: LightGoldenRodYellow; margin: 4px; border: 1px solid khaki"> (<a href="https://browser.ihtsdotools.org/">SNOMED CT</a>#270427003)</span></p><p><b>subject</b>: <a href="patient-example-f001-pieter.html">Patient/f001: P. van de Heuvel</a> "Pieter VAN DE HEUVEL"</p><p><b>serviceProvider</b>: <a href="organization-example-f001-burgers.html">Organization/f001: Burgers University Medical Center</a> "Burgers University Medical Center"</p><h3>Participants</h3><table class="grid"><tr><td>-</td><td><b>Actor</b></td></tr><tr><td>*</td><td><a href="practitioner-example-f002-pv.html">Practitioner/f002: P. Voigt</a> "Pieter VOIGT"</td></tr></table><h3>Lengths</h3><table class="grid"><tr><td>-</td><td><b>Value</b></td><td><b>Unit</b></td><td><b>System</b></td><td><b>Code</b></td></tr><tr><td>*</td><td>140</td><td>min</td><td><a href="http://terminology.hl7.org/5.1.0/CodeSystem-v3-ucum.html">Unified Code for Units of Measure (UCUM)</a></td><td>min</td></tr></table><blockquote><p><b>reason</b></p><h3>Values</h3><table class="grid"><tr><td>-</td><td><b>Concept</b></td></tr><tr><td>*</td><td>Heart valve replacement <span style="background: LightGoldenRodYellow; margin: 4px; border: 1px solid khaki"> (<a href="https://browser.ihtsdotools.org/">SNOMED CT</a>#34068001)</span></td></tr></table></blockquote><h3>Admissions</h3><table class="grid"><tr><td>-</td><td><b>PreAdmissionIdentifier</b></td><td><b>AdmitSource</b></td><td><b>DischargeDisposition</b></td></tr><tr><td>*</td><td>id: 93042 (use: OFFICIAL)</td><td><span title="       &lt;preAdmissionTest&gt;&#xA;            &lt;coding&gt;&#xA;                &lt;system value=&#34;http://snomed.info/sct&#34;/&gt;&#xA;                &lt;code value=&#34;164847006&#34;/&gt;&#xA;                &lt;display value=&#34;Standard ECG&#34;/&gt;&#xA;            &lt;/coding&gt;&#xA;            &lt;coding&gt;&#xA;                &lt;system value=&#34;http://snomed.info/sct&#34;/&gt;&#xA;                &lt;code value=&#34;396550006&#34;/&gt;&#xA;                &lt;display value=&#34;Blood test&#34;/&gt;&#xA;            &lt;/coding&gt;&#xA;        &lt;/preAdmissionTest&gt;  ">Referral by physician <span style="background: LightGoldenRodYellow; margin: 4px; border: 1px solid khaki"> (<a href="https://browser.ihtsdotools.org/">SNOMED CT</a>#305956004)</span></span></td><td>Discharge to home <span style="background: LightGoldenRodYellow; margin: 4px; border: 1px solid khaki"> (<a href="https://browser.ihtsdotools.org/">SNOMED CT</a>#306689006)</span></td></tr></table></div></text><identifier>
        <use value="official"/>
        <system value="http://www.amc.nl/zorgportal/identifiers/visits"/>
        <value value="v1451"/>
    </identifier>
    <status value="completed"/>
    <class>
		<coding>
			<system value="http://terminology.hl7.org/CodeSystem/v3-ActCode"/>
			<code value="AMB"/>     <!--   outpatient   -->
			<display value="ambulatory"/>
		</coding>
    </class>
    <priority>
        <coding>
            <system value="http://snomed.info/sct"/>
            <code value="310361003"/>
            <display value="Non-urgent cardiological admission"/>
        </coding>
    </priority>
    <type>
        <coding>
            <system value="http://snomed.info/sct"/>
            <code value="270427003"/>
            <display value="Patient-initiated encounter"/>
        </coding>
    </type>
	<subject>
        <reference value="Patient/f001"/>
        <display value="P. van de Heuvel"/>
    </subject>
    <serviceProvider>
        <reference value="Organization/f001"/>
        <display value="Burgers University Medical Center"/>
    </serviceProvider>
    <participant>
        <actor>
            <reference value="Practitioner/f002"/>
            <display value="P. Voigt"/>
        </actor>
    </participant>
    <length>
        <value value="140"/>
        <unit value="min"/>
        <system value="http://unitsofmeasure.org"/>
        <code value="min"/>
    </length>
    <reason>
        <value>
            <concept>
                <coding>
                    <system value="http://snomed.info/sct"/>
                    <code value="34068001"/>
                    <display value="Heart valve replacement"/>
                </coding>
            </concept>
        </value>
    </reason>
    <admission>
        <preAdmissionIdentifier>
            <use value="official"/>
            <system value="http://www.amc.nl/zorgportal/identifiers/pre-admissions"/>
            <value value="93042"/>
        </preAdmissionIdentifier>
      <!--        <preAdmissionTest>
            <coding>
                <system value="http://snomed.info/sct"/>
                <code value="164847006"/>
                <display value="Standard ECG"/>
            </coding>
            <coding>
                <system value="http://snomed.info/sct"/>
                <code value="396550006"/>
                <display value="Blood test"/>
            </coding>
        </preAdmissionTest>   -->
        <admitSource>
            <coding>
                <system value="http://snomed.info/sct"/>
                <code value="305956004"/>
                <display value="Referral by physician"/>
            </coding>
        </admitSource>
        <dischargeDisposition>
            <coding>
                <system value="http://snomed.info/sct"/>
                <code value="306689006"/>
                <display value="Discharge to home"/>
            </coding>
        </dischargeDisposition>
    </admission>
</Encounter>