<?xml version="1.0" encoding="UTF-8"?><Immunization xmlns="http://hl7.org/fhir">
	<id value="notGiven"/>
	<meta>
    <security>
      <system value="http://terminology.hl7.org/CodeSystem/v3-ActReason"/>
      <code value="HTEST"/>
      <display value="test health data"/>
    </security>
  </meta>
  <text><status value="generated"/><div xmlns="http://www.w3.org/1999/xhtml"><p><b>Generated Narrative: Immunization</b><a name="notGiven"> </a></p><div style="display: inline-block; background-color: #d9e0e7; padding: 6px; margin: 4px; border: 1px solid #8da1b4; border-radius: 5px; line-height: 60%"><p style="margin-bottom: 0px">Resource Immunization "notGiven" </p></div><p><b>status</b>: not-done</p><p><b>statusReason</b>: medical precaution <span style="background: LightGoldenRodYellow; margin: 4px; border: 1px solid khaki"> (<a href="http://terminology.hl7.org/5.1.0/CodeSystem-v3-ActReason.html">ActReason</a>#MEDPREC)</span></p><p><b>vaccineCode</b>: DTP <span style="background: LightGoldenRodYellow; margin: 4px; border: 1px solid khaki"> (<a href="http://terminology.hl7.org/5.1.0/CodeSystem-CVX.html">Vaccine Administered Code Set (CVX)</a>#01)</span></p><p><b>patient</b>: <a href="patient-example.html">Patient/example</a> "Peter CHALMERS"</p><p><b>occurrence</b>: 2013-01-10</p><p><b>primarySource</b>: true</p></div></text><status value="not-done"/>
	<statusReason>
		<coding>
			<system value="http://terminology.hl7.org/CodeSystem/v3-ActReason"/>
			<code value="MEDPREC"/>
			<display value="medical precaution"/>
		</coding>
	</statusReason>
	<vaccineCode>
		<coding>
			<system value="http://hl7.org/fhir/sid/cvx"/>
			<code value="01"/>
			<display value="DTP"/>
		</coding>
	</vaccineCode>
	<patient>
		<reference value="Patient/example"/>
	</patient>
	<occurrenceDateTime value="2013-01-10"/>
	<primarySource value="true"/>
</Immunization>