<?xml version="1.0" encoding="UTF-8"?><ImmunizationEvaluation xmlns="http://hl7.org/fhir">
	<id value="notValid"/>
	<meta>
    <security>
      <system value="http://terminology.hl7.org/CodeSystem/v3-ActReason"/>
      <code value="HTEST"/>
      <display value="test health data"/>
    </security>
  </meta>
  <text><status value="generated"/><div xmlns="http://www.w3.org/1999/xhtml"><p><b>Generated Narrative: ImmunizationEvaluation</b><a name="notValid"> </a></p><div style="display: inline-block; background-color: #d9e0e7; padding: 6px; margin: 4px; border: 1px solid #8da1b4; border-radius: 5px; line-height: 60%"><p style="margin-bottom: 0px">Resource ImmunizationEvaluation "notValid" </p></div><p><b>identifier</b>: id: urn:oid:1.3.6.1.4.1.21367.2005.3.7.1234</p><p><b>status</b>: completed</p><p><b>patient</b>: <a href="patient-example.html">Patient/example</a> "Peter CHALMERS"</p><p><b>date</b>: 2013-01-10</p><p><b>authority</b>: <a href="organization-example.html">Organization/hl7</a> "Health Level Seven International"</p><p><b>targetDisease</b>: Gestational rubella syndrome <span style="background: LightGoldenRodYellow; margin: 4px; border: 1px solid khaki"> (<a href="https://browser.ihtsdotools.org/">SNOMED CT</a>#1857005)</span></p><p><b>immunizationEvent</b>: <a href="immunization-example.html">Immunization/example</a></p><p><b>doseStatus</b>: Not Valid <span style="background: LightGoldenRodYellow; margin: 4px; border: 1px solid khaki"> (<a href="http://terminology.hl7.org/5.1.0/CodeSystem-immunization-evaluation-dose-status.html">Immunization Evaluation Dose Status codes</a>#notvalid)</span></p><p><b>doseStatusReason</b>: Outside Schedule <span style="background: LightGoldenRodYellow; margin: 4px; border: 1px solid khaki"> (<a href="http://terminology.hl7.org/5.1.0/CodeSystem-immunization-evaluation-dose-status-reason.html">Immunization Evaluation Dose Status Reason codes</a>#outsideschedule)</span></p><p><b>series</b>: Vaccination Series 1</p></div></text><identifier>
		<system value="urn:ietf:rfc:3986"/>
		<value value="urn:oid:1.3.6.1.4.1.21367.2005.3.7.1234"/>
	</identifier>
	<status value="completed"/>
	<patient>
		<reference value="Patient/example"/>
	</patient>
	<date value="2013-01-10"/>
	<authority>
		<reference value="Organization/hl7"/>
	</authority>
	<targetDisease>
		<coding>
			<system value="http://snomed.info/sct"/>
			<code value="1857005"/>
		</coding>
	</targetDisease>
	<immunizationEvent>
		<reference value="Immunization/example"/>
	</immunizationEvent>
	<doseStatus>
		<coding>
			<system value="http://terminology.hl7.org/CodeSystem/immunization-evaluation-dose-status"/>
			<code value="notvalid"/>
			<display value="Not Valid"/>
		</coding>
	</doseStatus>
	<doseStatusReason>
		<coding>
			<system value="http://terminology.hl7.org/CodeSystem/immunization-evaluation-dose-status-reason"/>
			<code value="outsideschedule"/>
			<display value="Outside Schedule"/>
		</coding>
	</doseStatusReason>
	<series value="Vaccination Series 1"/>
</ImmunizationEvaluation>