<?xml version="1.0" encoding="UTF-8"?><MedicationDispense xmlns="http://hl7.org/fhir">
    <id value="meddisp0313"/>
    <meta>
    <security>
      <system value="http://terminology.hl7.org/CodeSystem/v3-ActReason"/>
      <code value="HTEST"/>
      <display value="test health data"/>
    </security>
  </meta>
  <text><status value="generated"/><div xmlns="http://www.w3.org/1999/xhtml"><p><b>Generated Narrative: MedicationDispense</b><a name="meddisp0313"> </a></p><div style="display: inline-block; background-color: #d9e0e7; padding: 6px; margin: 4px; border: 1px solid #8da1b4; border-radius: 5px; line-height: 60%"><p style="margin-bottom: 0px">Resource MedicationDispense "meddisp0313" </p></div><p><b>status</b>: stopped</p><h3>Medications</h3><table class="grid"><tr><td>-</td><td><b>Reference</b></td></tr><tr><td>*</td><td><a name="med0317"> </a><blockquote><p/><p><a name="med0317"> </a></p><p><b>doseForm</b>: Injection Solution (qualifier value) <span style="background: LightGoldenRodYellow; margin: 4px; border: 1px solid khaki"> (<a href="https://browser.ihtsdotools.org/">SNOMED CT</a>#385219001)</span></p><blockquote><p><b>ingredient</b></p><h3>Items</h3><table class="grid"><tr><td>-</td><td><b>Concept</b></td></tr><tr><td>*</td><td>Potassium Chloride <span style="background: LightGoldenRodYellow; margin: 4px; border: 1px solid khaki"> (<a href="http://terminology.hl7.org/5.1.0/CodeSystem-v3-rxNorm.html">RxNorm</a>#204520)</span></td></tr></table><p><b>strength</b>: 2 meq<span style="background: LightGoldenRodYellow"> (Details: UCUM code meq = 'meq')</span>/1 mL<span style="background: LightGoldenRodYellow"> (Details: UCUM code mL = 'mL')</span></p></blockquote><blockquote><p><b>ingredient</b></p><h3>Items</h3><table class="grid"><tr><td>-</td><td><b>Concept</b></td></tr><tr><td>*</td><td>Sodium Chloride 0.9% injectable solution <span style="background: LightGoldenRodYellow; margin: 4px; border: 1px solid khaki"> (<a href="http://terminology.hl7.org/5.1.0/CodeSystem-v3-rxNorm.html">RxNorm</a>#313002)</span></td></tr></table><p><b>strength</b>: 0.9 g<span style="background: LightGoldenRodYellow"> (Details: UCUM code g = 'g')</span>/100 mL<span style="background: LightGoldenRodYellow"> (Details: UCUM code mL = 'mL')</span></p></blockquote></blockquote></td></tr></table><p><b>subject</b>: <a href="patient-example-a.html">Patient/pat1: Donald Duck</a> "Donald DUCK"</p><h3>Performers</h3><table class="grid"><tr><td>-</td><td><b>Actor</b></td></tr><tr><td>*</td><td><a href="practitioner-example-f006-rvdb.html">Practitioner/f006</a> "Rob VAN DEN BERK"</td></tr></table><p><b>authorizingPrescription</b>: <a href="medicationrequest0322.html">MedicationRequest/medrx0322</a></p><p><b>type</b>: First Fill <span style="background: LightGoldenRodYellow; margin: 4px; border: 1px solid khaki"> (<a href="http://terminology.hl7.org/5.1.0/CodeSystem-v3-ActCode.html">ActCode</a>#FF)</span></p><p><b>quantity</b>: 1000 ml<span style="background: LightGoldenRodYellow"> (Details: UCUM code ml = 'ml')</span></p><p><b>daysSupply</b>: 1 Day<span style="background: LightGoldenRodYellow"> (Details: UCUM code d = 'd')</span></p><p><b>whenPrepared</b>: 2016-04-28T07:13:00+05:00</p><p><b>whenHandedOver</b>: 2016-04-28T07:13:00+05:00</p><blockquote><p><b>dosageInstruction</b></p><p><b>sequence</b>: 1</p><p><b>text</b>: KCl 20 mEq in 1 L 0.9%NS IV at 100 ml/hr</p><p><b>timing</b>: Once per 1 days</p><p><b>route</b>: Intravenous route (qualifier value) <span style="background: LightGoldenRodYellow; margin: 4px; border: 1px solid khaki"> (<a href="https://browser.ihtsdotools.org/">SNOMED CT</a>#47625008)</span></p><blockquote><p><b>doseAndRate</b></p></blockquote></blockquote></div></text><contained>
        <Medication>
            <id value="med0317"/>
                <doseForm>
                    <coding>
                        <system value="http://snomed.info/sct"/>
                        <code value="385219001"/>
                        <display value="Injection Solution (qualifier value)"/>
                    </coding>
                    <text value="Injection Solution (qualifier value)"/>
                </doseForm>
                <ingredient>
                    <item>
                        <concept>
                        <coding>
                            <system value="http://www.nlm.nih.gov/research/umls/rxnorm"/>
                            <code value="204520"/>
                            <display value="Potassium Chloride"/>
                        </coding>
                        </concept>
                    </item>
                    <strengthRatio>
                        <numerator>
                            <value value="2"/>
                            <system value="http://unitsofmeasure.org"/>
                            <code value="meq"/>
                        </numerator>
                        <denominator>
                            <value value="1"/>
                            <system value="http://unitsofmeasure.org"/>
                            <code value="mL"/>
                        </denominator>
                    </strengthRatio>
                </ingredient>
                <ingredient>
                    <item>
                        <concept>
                        <coding>
                            <system value="http://www.nlm.nih.gov/research/umls/rxnorm"/>
                            <code value="313002"/>
                            <display value="Sodium Chloride 0.9% injectable solution"/>
                        </coding>
                        </concept>
                    </item>
                    <strengthRatio>
                        <numerator>
                            <value value="0.9"/>
                            <system value="http://unitsofmeasure.org"/>
                            <code value="g"/>
                        </numerator>
                        <denominator>
                            <value value="100"/>
                            <system value="http://unitsofmeasure.org"/>
                            <code value="mL"/>
                        </denominator>
                    </strengthRatio>
                </ingredient>
            
        </Medication>
    </contained>
    <status value="stopped"/>
    <medication>
        <reference>
            <!--   Linked to a RESOURCE Medication   -->
        <reference value="#med0317"/>
        <display value="Potassium Chloride 20mEq in 1L Normal Saline"/>
        </reference>
    </medication>
    <subject>
        <reference value="Patient/pat1"/>
        <display value="Donald Duck"/> 
    </subject>
    <performer>
        <actor>
            <reference value="Practitioner/f006"/>
        </actor>
    </performer>
    <authorizingPrescription>
        <reference value="MedicationRequest/medrx0322"/>
    </authorizingPrescription>
    <type>
        <coding>
            <system value="http://terminology.hl7.org/CodeSystem/v3-ActCode"/>
            <code value="FF"/>
            <display value="First Fill"/>
        </coding>
    </type>
    <quantity>
        <value value="1000"/>
        <system value="http://unitsofmeasure.org"/>
        <code value="ml"/>
    </quantity>
    <daysSupply>
        <value value="1"/>
        <unit value="Day"/>
        <system value="http://unitsofmeasure.org"/>
        <code value="d"/>
    </daysSupply>
    <whenPrepared value="2016-04-28T07:13:00+05:00"/>
    <whenHandedOver value="2016-04-28T07:13:00+05:00"/>
    <dosageInstruction>
        <sequence value="1"/>
        <text value="KCl 20 mEq in 1 L 0.9%NS IV at 100 ml/hr"/>
        <timing>
            <repeat>
                <frequency value="1"/>
                <period value="1"/>
                <periodUnit value="d"/>
            </repeat>
        </timing>
        <route>
            <coding>
                <system value="http://snomed.info/sct"/>
                <code value="47625008"/>
                <display value="Intravenous route (qualifier value)"/>
            </coding>
        </route>
        <doseAndRate>
            <type>
                <coding>
                    <system value="http://terminology.hl7.org/CodeSystem/dose-rate-type"/>
                    <code value="ordered"/>
                    <display value="Ordered"/>
                </coding>
            </type>
            <doseQuantity>
                <value value="20"/>
                <unit value="mEq"/>
                <system value="http://unitsofmeasure.org"/>
                <code value="meq"/>
            </doseQuantity>
            <rateRatio>
                <numerator>
                    <value value="100"/>
                    <system value="http://unitsofmeasure.org"/>
                    <code value="mL"/>
                </numerator>
                <denominator>
                    <value value="1"/>
                    <system value="http://unitsofmeasure.org"/>
                    <code value="h"/>
                </denominator>
            </rateRatio>
        </doseAndRate>


    </dosageInstruction>
</MedicationDispense>