<?xml version="1.0" encoding="UTF-8"?><MedicationStatement xmlns="http://hl7.org/fhir">
  <id value="example007"/>
  <meta>
    <security>
      <system value="http://terminology.hl7.org/CodeSystem/v3-ActReason"/>
      <code value="HTEST"/>
      <display value="test health data"/>
    </security>
  </meta>
  <text><status value="generated"/><div xmlns="http://www.w3.org/1999/xhtml"><p><b>Generated Narrative: MedicationStatement</b><a name="example007"> </a></p><div style="display: inline-block; background-color: #d9e0e7; padding: 6px; margin: 4px; border: 1px solid #8da1b4; border-radius: 5px; line-height: 60%"><p style="margin-bottom: 0px">Resource MedicationStatement "example007" </p></div><p><b>status</b>: recorded</p><h3>Medications</h3><table class="grid"><tr><td>-</td><td><b>Reference</b></td></tr><tr><td>*</td><td><span title="  Linked to a RESOURCE Medication  "><a name="med0315"> </a></span><blockquote><p/><p><a name="med0315"> </a></p><p><b>code</b>: Mometasone Furoate 0.05mg/Actuat <span style="background: LightGoldenRodYellow; margin: 4px; border: 1px solid khaki"> (<a href="http://terminology.hl7.org/5.1.0/CodeSystem-v3-rxNorm.html">RxNorm</a>#358793)</span></p><p><b>doseForm</b>: Nasal Spray <span style="background: LightGoldenRodYellow; margin: 4px; border: 1px solid khaki"> (<a href="https://browser.ihtsdotools.org/">SNOMED CT</a>#385157007)</span></p></blockquote></td></tr></table><p><b>subject</b>: <a href="patient-example-a.html">Patient/pat1: Donald Duck</a> "Donald DUCK"</p><p><b>informationSource</b>: <a href="patient-example-a.html">Patient/pat1: Donald Duck</a> "Donald DUCK"</p><p><b>note</b>: patient plans to start using for seasonal allergies in the Spring when pollen is in the air</p></div></text><contained>
    <Medication>
      <id value="med0315"/>
      <code>
        <coding>
          <system value="http://www.nlm.nih.gov/research/umls/rxnorm"/>
          <code value="358793"/>
          <display value="Mometasone Furoate 0.05mg/Actuat"/>
        </coding>
      </code>
        <doseForm>
          <coding>
            <system value="http://snomed.info/sct"/>
            <code value="385157007"/>
            <display value="Nasal Spray"/>
          </coding>
        </doseForm>
      
    </Medication>
  </contained>
  <status value="recorded"/>
  <medication>     <!--   Linked to a RESOURCE Medication   -->
    <reference>
    <reference value="#med0315"/>
    </reference>
  </medication>
  <subject>
    <reference value="Patient/pat1"/>
    <display value="Donald Duck"/> 
  </subject>
  <informationSource>
    <reference value="Patient/pat1"/>
    <display value="Donald Duck"/> 
  </informationSource>


  <note>
    <text value="patient plans to start using for seasonal allergies in the Spring when pollen is in the air"/>
  </note>
</MedicationStatement>