<?xml version="1.0" encoding="UTF-8"?><MedicationDispense xmlns="http://hl7.org/fhir">
    <id value="meddisp0321"/>
    <meta>
    <security>
      <system value="http://terminology.hl7.org/CodeSystem/v3-ActReason"/>
      <code value="HTEST"/>
      <display value="test health data"/>
    </security>
  </meta>
  <text><status value="generated"/><div xmlns="http://www.w3.org/1999/xhtml"><p><b>Generated Narrative: MedicationDispense</b><a name="meddisp0321"> </a></p><div style="display: inline-block; background-color: #d9e0e7; padding: 6px; margin: 4px; border: 1px solid #8da1b4; border-radius: 5px; line-height: 60%"><p style="margin-bottom: 0px">Resource MedicationDispense "meddisp0321" </p></div><p><b>status</b>: in-progress</p><h3>Medications</h3><table class="grid"><tr><td>-</td><td><b>Concept</b></td></tr><tr><td>*</td><td>Vicodin 5mg Hydrocodone, 500mg Acetaminophen tablet  <span style="background: LightGoldenRodYellow; margin: 4px; border: 1px solid khaki"> (<a href="http://terminology.hl7.org/5.1.0/CodeSystem-v3-ndc.html">National drug codes</a>#0074-3043-13)</span></td></tr></table><p><b>subject</b>: <a href="patient-example-a.html">Patient/pat1: Donald Duck</a> "Donald DUCK"</p><h3>Performers</h3><table class="grid"><tr><td>-</td><td><b>Actor</b></td></tr><tr><td>*</td><td><a href="practitioner-example-f006-rvdb.html">Practitioner/f006</a> "Rob VAN DEN BERK"</td></tr></table><p><b>authorizingPrescription</b>: <a href="medicationrequest0321.html">MedicationRequest/medrx0321</a></p><p><b>type</b>: Refill - Part Fill <span style="background: LightGoldenRodYellow; margin: 4px; border: 1px solid khaki"> (<a href="http://terminology.hl7.org/5.1.0/CodeSystem-v3-ActCode.html">ActCode</a>#RFP)</span></p><p><b>quantity</b>: 30(unit TAB from http://terminology.hl7.org/CodeSystem/v3-orderableDrugForm)<span style="background: LightGoldenRodYellow"> (Details: http://terminology.hl7.org/CodeSystem/v3-orderableDrugForm code TAB = 'Tablet')</span></p><p><b>daysSupply</b>: 10 Day<span style="background: LightGoldenRodYellow"> (Details: UCUM code d = 'd')</span></p><p><b>whenPrepared</b>: 2015-01-15T10:20:00Z</p><blockquote><p><b>dosageInstruction</b></p><p><b>sequence</b>: 1</p><p><b>text</b>: 1 tablet every four hours as needed for pain</p><p><b>additionalInstruction</b>: Warning. May cause drowsiness. If affected do not drive or operate machinery. Avoid alcoholic drink (qualifier value) <span style="background: LightGoldenRodYellow; margin: 4px; border: 1px solid khaki"> (<a href="https://browser.ihtsdotools.org/">SNOMED CT</a>#418914006)</span></p><p><b>timing</b>: Once per 4 hours</p><p><b>asNeededFor</b>: Fibromyalgia (disorder) <span style="background: LightGoldenRodYellow; margin: 4px; border: 1px solid khaki"> (<a href="https://browser.ihtsdotools.org/">SNOMED CT</a>#203082005)</span></p><p><b>route</b>: Oral Route <span style="background: LightGoldenRodYellow; margin: 4px; border: 1px solid khaki"> (<a href="https://browser.ihtsdotools.org/">SNOMED CT</a>#26643006)</span></p><blockquote><p><b>doseAndRate</b></p></blockquote></blockquote></div></text><status value="in-progress"/>
    <medication>
        <concept>
        <coding>
            <system value="http://hl7.org/fhir/sid/ndc"/>
            <code value="0074-3043-13"/>
            <display value="Vicodin 5mg Hydrocodone, 500mg Acetaminophen tablet "/>
        </coding>
        </concept>
    </medication>
    <subject>       
        <reference value="Patient/pat1"/>
        <display value="Donald Duck"/>
    </subject>
    <performer>
        <actor>
            <reference value="Practitioner/f006"/>
        </actor>
    </performer>
    <authorizingPrescription>
        <reference value="MedicationRequest/medrx0321"/>
    </authorizingPrescription>
    <type>
        <coding>
            <system value="http://terminology.hl7.org/CodeSystem/v3-ActCode"/>
            <code value="RFP"/>
            <display value="Refill - Part Fill"/>
        </coding>
    </type>
    <quantity>
        <value value="30"/>
        <system value="http://terminology.hl7.org/CodeSystem/v3-orderableDrugForm"/>
        <code value="TAB"/>
    </quantity>
    <daysSupply>
        <value value="10"/>
        <unit value="Day"/>
        <system value="http://unitsofmeasure.org"/>
        <code value="d"/>
    </daysSupply>
    <whenPrepared value="2015-01-15T10:20:00Z"/>  
    <dosageInstruction>
        <sequence value="1"/>
        <text value="1 tablet every four hours as needed for pain"/>
        <additionalInstruction>
            <coding>
                <system value="http://snomed.info/sct"/>
                <code value="418914006"/>
                <display value="Warning. May cause drowsiness. If affected do not drive or operate machinery. Avoid alcoholic drink (qualifier value)"/>
            </coding>
        </additionalInstruction>
        <timing>
            <repeat>
                <frequency value="1"/>
                <period value="4"/>
                <periodUnit value="h"/>
            </repeat>
        </timing>
        <asNeededFor>
            <coding>
                <system value="http://snomed.info/sct"/>
                <code value="203082005"/>
                <display value="Fibromyalgia (disorder)"/>
            </coding>
        </asNeededFor>
        <route>
            <coding>
                <system value="http://snomed.info/sct"/>
                <code value="26643006"/>
                <display value="Oral Route"/>
            </coding>
        </route>
        <doseAndRate>
            <type>
                <coding>
                    <system value="http://terminology.hl7.org/CodeSystem/dose-rate-type"/>
                    <code value="ordered"/>
                    <display value="Ordered"/>
                </coding>
            </type>
            <doseQuantity>
                <value value="1"/>
                <unit value="TAB"/>
                <system value="http://terminology.hl7.org/CodeSystem/v3-orderableDrugForm"/>
                <code value="TAB"/> 
            </doseQuantity>
        </doseAndRate>

    </dosageInstruction>
</MedicationDispense>