<?xml version="1.0" encoding="UTF-8"?><MedicationDispense xmlns="http://hl7.org/fhir">
    <id value="meddisp0311"/>
    <meta>
    <security>
      <system value="http://terminology.hl7.org/CodeSystem/v3-ActReason"/>
      <code value="HTEST"/>
      <display value="test health data"/>
    </security>
  </meta>
  <text><status value="generated"/><div xmlns="http://www.w3.org/1999/xhtml"><p><b>Generated Narrative: MedicationDispense</b><a name="meddisp0311"> </a></p><div style="display: inline-block; background-color: #d9e0e7; padding: 6px; margin: 4px; border: 1px solid #8da1b4; border-radius: 5px; line-height: 60%"><p style="margin-bottom: 0px">Resource MedicationDispense "meddisp0311" </p></div><p><b>status</b>: completed</p><h3>Medications</h3><table class="grid"><tr><td>-</td><td><b>Concept</b></td></tr><tr><td>*</td><td>Acetaminophen 120mg Suppository <span style="background: LightGoldenRodYellow; margin: 4px; border: 1px solid khaki"> (<a href="http://terminology.hl7.org/5.1.0/CodeSystem-v3-ndc.html">National drug codes</a>#0713-0118)</span></td></tr></table><p><b>subject</b>: <a href="patient-example-a.html">Patient/pat1: Donald Duck</a> "Donald DUCK"</p><h3>Performers</h3><table class="grid"><tr><td>-</td><td><b>Actor</b></td></tr><tr><td>*</td><td><a href="practitioner-example-f006-rvdb.html">Practitioner/f006</a> "Rob VAN DEN BERK"</td></tr></table><p><b>authorizingPrescription</b>: <a href="medicationrequest0324.html">MedicationRequest/medrx0324</a></p><p><b>type</b>: Refill - Part Fill <span style="background: LightGoldenRodYellow; margin: 4px; border: 1px solid khaki"> (<a href="http://terminology.hl7.org/5.1.0/CodeSystem-v3-ActCode.html">ActCode</a>#RFP)</span></p><p><b>quantity</b>: 60(unit RECSUPP from http://terminology.hl7.org/CodeSystem/v3-orderableDrugForm)<span style="background: LightGoldenRodYellow"> (Details: http://terminology.hl7.org/CodeSystem/v3-orderableDrugForm code RECSUPP = 'Rectal Suppository')</span></p><p><b>daysSupply</b>: 10 Day<span style="background: LightGoldenRodYellow"> (Details: UCUM code d = 'd')</span></p><p><b>whenPrepared</b>: 2015-01-15T10:20:00Z</p><p><b>whenHandedOver</b>: 2015-01-15T16:20:00Z</p><blockquote><p><b>dosageInstruction</b></p><p><b>sequence</b>: 1</p><p><b>text</b>: Insert two suppositories (240mg) rectally twice daily as needed for fever to a maximim of 6 per day</p><p><b>additionalInstruction</b>: Do not take with any other paracetamol products (qualifier value) <span style="background: LightGoldenRodYellow; margin: 4px; border: 1px solid khaki"> (<a href="https://browser.ihtsdotools.org/">SNOMED CT</a>#418637003)</span></p><p><b>timing</b>: 2 per 1 days</p><p><b>asNeededFor</b>: Fever (finding) <span style="background: LightGoldenRodYellow; margin: 4px; border: 1px solid khaki"> (<a href="https://browser.ihtsdotools.org/">SNOMED CT</a>#386661006)</span></p><blockquote><p><b>doseAndRate</b></p></blockquote><p><b>maxDosePerPeriod</b>: 720 mg<span style="background: LightGoldenRodYellow"> (Details: UCUM code mg = 'mg')</span>/1 d<span style="background: LightGoldenRodYellow"> (Details: UCUM code d = 'd')</span></p></blockquote></div></text><status value="completed"/>
   <medication>
       <concept>
       <coding>
           <system value="http://hl7.org/fhir/sid/ndc"/>
           <code value="0713-0118"/>
           <display value="Acetaminophen 120mg Suppository"/>
       </coding>
       </concept>
   </medication>
    <subject>       
        <reference value="Patient/pat1"/>
        <display value="Donald Duck"/>
    </subject>
    <performer>
        <actor>
            <reference value="Practitioner/f006"/>
        </actor>
    </performer>
    <authorizingPrescription>
        <reference value="MedicationRequest/medrx0324"/>
    </authorizingPrescription>
    <type>
        <coding>
            <system value="http://terminology.hl7.org/CodeSystem/v3-ActCode"/>
            <code value="RFP"/>
            <display value="Refill - Part Fill"/>
        </coding>
    </type>
    <quantity>
        <value value="60"/>
        <system value="http://terminology.hl7.org/CodeSystem/v3-orderableDrugForm"/>
        <code value="RECSUPP"/>
    </quantity>
    <daysSupply>
        <value value="10"/>
        <unit value="Day"/>
        <system value="http://unitsofmeasure.org"/>
        <code value="d"/>
    </daysSupply>
    <whenPrepared value="2015-01-15T10:20:00Z"/>
    <whenHandedOver value="2015-01-15T16:20:00Z"/>    
    <dosageInstruction>
        <sequence value="1"/>
        <text value="Insert two suppositories (240mg) rectally twice daily as needed for fever to a maximim of 6 per day"/>
        <additionalInstruction>
            <coding>
                <system value="http://snomed.info/sct"/>
                <code value="418637003"/>
                <display value="Do not take with any other paracetamol products (qualifier value)"/>
            </coding>
        </additionalInstruction>
        <timing>
            <repeat>
                <frequency value="2"/>
                <period value="1"/>
                <periodUnit value="d"/>
            </repeat>
        </timing>
        <asNeededFor>
            <coding>
                <system value="http://snomed.info/sct"/>
                <code value="386661006"/>
                <display value="Fever (finding)"/>
            </coding>
        </asNeededFor>
        <doseAndRate>
            <type>
                <coding>
                    <system value="http://terminology.hl7.org/CodeSystem/dose-rate-type"/>
                    <code value="ordered"/>
                    <display value="Ordered"/>
                </coding>
            </type>
            <doseQuantity>
                <value value="240"/>
                <unit value="mg"/>
                <system value="http://unitsofmeasure.org"/>
                <code value="mg"/>
            </doseQuantity>
        </doseAndRate>

        <maxDosePerPeriod>
            <numerator>
                <value value="720"/>
                <system value="http://unitsofmeasure.org"/>
                <code value="mg"/>
            </numerator>
            <denominator>
                <value value="1"/>
                <system value="http://unitsofmeasure.org"/>
                <code value="d"/>
            </denominator>
        </maxDosePerPeriod>
    </dosageInstruction>
</MedicationDispense>