<?xml version="1.0" encoding="UTF-8"?><MedicationDispense xmlns="http://hl7.org/fhir">
    <id value="meddisp0312"/>
    <meta>
    <security>
      <system value="http://terminology.hl7.org/CodeSystem/v3-ActReason"/>
      <code value="HTEST"/>
      <display value="test health data"/>
    </security>
  </meta>
  <text><status value="generated"/><div xmlns="http://www.w3.org/1999/xhtml"><p><b>Generated Narrative: MedicationDispense</b><a name="meddisp0312"> </a></p><div style="display: inline-block; background-color: #d9e0e7; padding: 6px; margin: 4px; border: 1px solid #8da1b4; border-radius: 5px; line-height: 60%"><p style="margin-bottom: 0px">Resource MedicationDispense "meddisp0312" </p></div><p><b>status</b>: on-hold</p><h3>Medications</h3><table class="grid"><tr><td>-</td><td><b>Reference</b></td></tr><tr><td>*</td><td><span title="  Linked to a RESOURCE Medication  "><a name="med0309"> </a></span><blockquote><p/><p><a name="med0309"> </a></p><p><b>code</b>: Tylenol PM <span style="background: LightGoldenRodYellow; margin: 4px; border: 1px solid khaki"> (<a href="http://terminology.hl7.org/5.1.0/CodeSystem-v3-ndc.html">National drug codes</a>#50580-608-02)</span></p></blockquote></td></tr></table><p><b>subject</b>: <a href="patient-example-a.html">Patient/pat1: Donald Duck</a> "Donald DUCK"</p><h3>Performers</h3><table class="grid"><tr><td>-</td><td><b>Actor</b></td></tr><tr><td>*</td><td><a href="practitioner-example-f006-rvdb.html">Practitioner/f006</a> "Rob VAN DEN BERK"</td></tr></table><p><b>authorizingPrescription</b>: <a href="medicationrequest0310.html">MedicationRequest/medrx0310</a></p><p><b>type</b>: First Fill <span style="background: LightGoldenRodYellow; margin: 4px; border: 1px solid khaki"> (<a href="http://terminology.hl7.org/5.1.0/CodeSystem-v3-ActCode.html">ActCode</a>#FF)</span></p><p><b>quantity</b>: 100(unit TAB from http://terminology.hl7.org/CodeSystem/v3-orderableDrugForm)<span style="background: LightGoldenRodYellow"> (Details: http://terminology.hl7.org/CodeSystem/v3-orderableDrugForm code TAB = 'Tablet')</span></p><p><b>daysSupply</b>: 30 Day<span style="background: LightGoldenRodYellow"> (Details: UCUM code d = 'd')</span></p><p><b>whenPrepared</b>: 2015-01-15T10:20:00Z</p><p><b>whenHandedOver</b>: 2015-01-15T16:20:00Z</p><blockquote><p><b>dosageInstruction</b></p><p><b>sequence</b>: 1</p><p><b>text</b>: Take 1-2 tablets once daily at bedtime as needed for restless legs</p><p><b>additionalInstruction</b>: Take at bedtime <span style="background: LightGoldenRodYellow; margin: 4px; border: 1px solid khaki"> ()</span></p><p><b>timing</b>: Once per 1 days</p><p><b>asNeededFor</b>: Restless Legs <span style="background: LightGoldenRodYellow; margin: 4px; border: 1px solid khaki"> (<a href="https://browser.ihtsdotools.org/">SNOMED CT</a>#32914008)</span></p><p><b>route</b>: Oral Route <span style="background: LightGoldenRodYellow; margin: 4px; border: 1px solid khaki"> (<a href="https://browser.ihtsdotools.org/">SNOMED CT</a>#26643006)</span></p><blockquote><p><b>doseAndRate</b></p></blockquote></blockquote></div></text><contained>
        <Medication>
            <id value="med0309"/>
            <code>
                <coding>
                    <system value="http://hl7.org/fhir/sid/ndc"/>
                    <code value="50580-608-02"/>
                    <display value="Tylenol PM"/>
                </coding>
            </code>
        </Medication>
    </contained>
    <status value="on-hold"/>
    <medication>
            <!--   Linked to a RESOURCE Medication   -->
        <reference>
        <reference value="#med0309"/>
        <display value="Tylenol PM"/>
        </reference>
    </medication>
    <subject>
        <reference value="Patient/pat1"/>
        <display value="Donald Duck"/>
    </subject>
    <performer>
        <actor>
            <reference value="Practitioner/f006"/>
        </actor>
    </performer>
    <authorizingPrescription>
        <reference value="MedicationRequest/medrx0310"/>
    </authorizingPrescription>
    <type>
        <coding>
            <system value="http://terminology.hl7.org/CodeSystem/v3-ActCode"/>
            <code value="FF"/>
            <display value="First Fill"/>
        </coding>
    </type>
    <quantity>
        <value value="100"/>
        <system value="http://terminology.hl7.org/CodeSystem/v3-orderableDrugForm"/>
        <code value="TAB"/>
    </quantity>
    <daysSupply>
        <value value="30"/>
        <unit value="Day"/>
        <system value="http://unitsofmeasure.org"/>
        <code value="d"/>
    </daysSupply>
    <whenPrepared value="2015-01-15T10:20:00Z"/>
    <whenHandedOver value="2015-01-15T16:20:00Z"/>
    <dosageInstruction>
        <sequence value="1"/>
        <text value="Take 1-2 tablets once daily at bedtime as needed for restless legs"/>
        <additionalInstruction>
            <text value="Take at bedtime"/>
        </additionalInstruction>
        <timing>
            <repeat>
                <frequency value="1"/>
                <period value="1"/>
                <periodUnit value="d"/>
            </repeat>
        </timing>
        <asNeededFor>
            <coding>
                <system value="http://snomed.info/sct"/>
                <code value="32914008"/>
                <display value="Restless Legs"/>
            </coding>
        </asNeededFor>
        <route>
            <coding>
                <system value="http://snomed.info/sct"/>
                <code value="26643006"/>
                <display value="Oral Route"/>
            </coding>
        </route>
        <doseAndRate>
            <type>
                <coding>
                    <system value="http://terminology.hl7.org/CodeSystem/dose-rate-type"/>
                    <code value="ordered"/>
                    <display value="Ordered"/>
                </coding>
            </type>
            <doseRange>
                <low>
                    <value value="1"/>
                    <unit value="TAB"/>
                    <system value="http://terminology.hl7.org/CodeSystem/v3-orderableDrugForm"/>
                    <code value="TAB"/>
                </low>
                <high>
                    <value value="2"/>
                    <unit value="TAB"/>
                    <system value="http://terminology.hl7.org/CodeSystem/v3-orderableDrugForm"/>
                    <code value="TAB"/>
                </high>
            </doseRange>
        </doseAndRate>

    </dosageInstruction>
</MedicationDispense>