<?xml version="1.0" encoding="UTF-8"?><MedicationRequest xmlns="http://hl7.org/fhir">
  <id value="medrx0316"/>
    <meta>
    <security>
      <system value="http://terminology.hl7.org/CodeSystem/v3-ActReason"/>
      <code value="HTEST"/>
      <display value="test health data"/>
    </security>
  </meta>
  <text><status value="generated"/><div xmlns="http://www.w3.org/1999/xhtml"><p><b>Generated Narrative: MedicationRequest</b><a name="medrx0316"> </a></p><div style="display: inline-block; background-color: #d9e0e7; padding: 6px; margin: 4px; border: 1px solid #8da1b4; border-radius: 5px; line-height: 60%"><p style="margin-bottom: 0px">Resource MedicationRequest "medrx0316" </p></div><p><b>identifier</b>: id: 12345689 (use: OFFICIAL)</p><p><b>status</b>: completed</p><p><b>intent</b>: order</p><h3>Medications</h3><table class="grid"><tr><td>-</td><td><b>Reference</b></td></tr><tr><td>*</td><td><span title="  Linked to a RESOURCE Medication  "><a name="med0306"> </a></span><blockquote><p/><p><a name="med0306"> </a></p><p><b>code</b>: Adcetris <span style="background: LightGoldenRodYellow; margin: 4px; border: 1px solid khaki"> (<a href="http://terminology.hl7.org/5.1.0/CodeSystem-v3-ndc.html">National drug codes</a>#51144-050-01)</span></p><p><b>doseForm</b>: Lyophilized powder for injectable solution (qualifier value)  <span style="background: LightGoldenRodYellow; margin: 4px; border: 1px solid khaki"> (<a href="https://browser.ihtsdotools.org/">SNOMED CT</a>#421637006)</span></p><h3>Batches</h3><table class="grid"><tr><td>-</td><td><b>LotNumber</b></td><td><b>ExpirationDate</b></td></tr><tr><td>*</td><td>12345</td><td>2019-10-31</td></tr></table></blockquote></td></tr></table><p><b>subject</b>: <a href="patient-example-a.html">Patient/pat1: Donald Duck</a> "Donald DUCK"</p><p><b>encounter</b>: <a href="encounter-example-f001-heart.html">Encounter/f001: encounter who leads to this prescription</a></p><p><b>authoredOn</b>: 2015-01-15</p><p><b>requester</b>: <a href="practitioner-example-f007-sh.html">Practitioner/f007: Patrick Pump</a> "Simone HEPS"</p><blockquote><p><b>dosageInstruction</b></p><p><b>sequence</b>: 1</p><p><b>text</b>: 1.8 mg/kg IV infusion over 20 minutes every 3 weeks for 16 cycles</p><p><b>timing</b>: Count 16 times, Once per 3 weeks</p><p><b>route</b>: Intravenous <span style="background: LightGoldenRodYellow; margin: 4px; border: 1px solid khaki"> (<a href="https://browser.ihtsdotools.org/">SNOMED CT</a>#255560000)</span></p><blockquote><p><b>doseAndRate</b></p></blockquote><p><b>maxDosePerLifetime</b>: 400 mg<span style="background: LightGoldenRodYellow"> (Details: UCUM code mg = 'mg')</span></p></blockquote></div></text><contained>
        <Medication>
            <id value="med0306"/>
            <code>
                <coding>
                    <system value="http://hl7.org/fhir/sid/ndc"/>
                    <code value="51144-050-01"/>
                    <display value="Adcetris"/>
                </coding>
            </code>
                <doseForm>
                    <coding>
                        <system value="http://snomed.info/sct"/>
                        <code value="421637006"/>
                        <display value="Lyophilized powder for injectable solution (qualifier value) "/>
                    </coding>
                </doseForm>
            <batch>
                <lotNumber value="12345"/>
                <expirationDate value="2019-10-31"/>
            </batch>
        </Medication>
    </contained>
    <identifier>
        <use value="official"/>
        <system value="http://www.bmc.nl/portal/prescriptions"/>
        <value value="12345689"/>
    </identifier>
    
    <status value="completed"/>
    <intent value="order"/>
    <medication>     <!--   Linked to a RESOURCE Medication   -->
        <reference>
        <reference value="#med0306"/>
        </reference>
    </medication> 
    <subject>     <!--   Linked to the resource patient who needs the medication   -->
        <reference value="Patient/pat1"/>
        <display value="Donald Duck"/>         
    </subject>
    <encounter>     <!--   Linked to a resource Encounter between patient and practitioner  -->
        <reference value="Encounter/f001"/>
        <display value="encounter who leads to this prescription"/>
    </encounter>
    <authoredOn value="2015-01-15"/>
    <requester>
        <reference value="Practitioner/f007"/>
        <display value="Patrick Pump"/>
    </requester>
    
    <dosageInstruction>
        <sequence value="1"/>
        <text value="1.8 mg/kg IV infusion over 20 minutes every 3 weeks for 16 cycles"/>
        <timing>
            <repeat>
                <count value="16"/>
                <frequency value="1"/>
                <period value="3"/>
                <periodUnit value="wk"/>
            </repeat>
        </timing>
        <route>
            <coding>
                <system value="http://snomed.info/sct"/>
                <code value="255560000"/>
                <display value="Intravenous"/>
            </coding>
        </route>
        <doseAndRate>
            <type>
                <coding>
                    <system value="http://terminology.hl7.org/CodeSystem/dose-rate-type"/>
                    <code value="ordered"/>
                    <display value="Ordered"/>
                </coding>
            </type>
            <doseQuantity>
                <value value="1.8"/>
                <unit value="mg/kg"/>
                <system value="http://unitsofmeasure.org"/>
                <code value="mg/kg"/> 
            </doseQuantity>
            <rateRatio>
                <numerator> 
                    <value value="1.8"/> 
                    <system value="http://unitsofmeasure.org"/> 
                    <code value="mg/kg"/> 
                </numerator> 
                <denominator> 
                    <value value="20"/> 
                    <system value="http://unitsofmeasure.org"/> 
                    <code value="min"/> 
                </denominator> 
            </rateRatio>
        </doseAndRate>
        
        <maxDosePerLifetime>
            <value value="400"/>
            <unit value="mg"/>
            <system value="http://unitsofmeasure.org"/>
            <code value="mg"/> 
        </maxDosePerLifetime>
        
    </dosageInstruction>
    
</MedicationRequest>