<?xml version="1.0" encoding="UTF-8"?><MedicationDispense xmlns="http://hl7.org/fhir">
    <id value="meddisp0309"/>
    <meta>
    <security>
      <system value="http://terminology.hl7.org/CodeSystem/v3-ActReason"/>
      <code value="HTEST"/>
      <display value="test health data"/>
    </security>
  </meta>
  <text><status value="generated"/><div xmlns="http://www.w3.org/1999/xhtml"><p><b>Generated Narrative: MedicationDispense</b><a name="meddisp0309"> </a></p><div style="display: inline-block; background-color: #d9e0e7; padding: 6px; margin: 4px; border: 1px solid #8da1b4; border-radius: 5px; line-height: 60%"><p style="margin-bottom: 0px">Resource MedicationDispense "meddisp0309" </p></div><p><b>status</b>: entered-in-error</p><h3>Medications</h3><table class="grid"><tr><td>-</td><td><b>Reference</b></td></tr><tr><td>*</td><td><span title="  Linked to a RESOURCE Medication  "><a name="med0312"> </a></span><blockquote><p/><p><a name="med0312"> </a></p><p><b>code</b>: Nystatin 100,000 units/ml oral suspension (product) <span style="background: LightGoldenRodYellow; margin: 4px; border: 1px solid khaki"> (<a href="https://browser.ihtsdotools.org/">SNOMED CT</a>#324689003)</span></p></blockquote></td></tr></table><p><b>subject</b>: <a href="patient-example-a.html">Patient/pat1: Donald Duck </a> "Donald DUCK"</p><h3>Performers</h3><table class="grid"><tr><td>-</td><td><b>Actor</b></td></tr><tr><td>*</td><td><a href="practitioner-example-f006-rvdb.html">Practitioner/f006</a> "Rob VAN DEN BERK"</td></tr></table><p><b>authorizingPrescription</b>: <a href="medicationrequest0319.html">MedicationRequest/medrx0319</a></p><p><b>type</b>: First Fill <span style="background: LightGoldenRodYellow; margin: 4px; border: 1px solid khaki"> (<a href="http://terminology.hl7.org/5.1.0/CodeSystem-v3-ActCode.html">ActCode</a>#FF)</span></p><p><b>quantity</b>: 10 ml<span style="background: LightGoldenRodYellow"> (Details: UCUM code ml = 'ml')</span></p><p><b>daysSupply</b>: 10 Day<span style="background: LightGoldenRodYellow"> (Details: UCUM code d = 'd')</span></p><p><b>whenPrepared</b>: 2015-01-15</p><p><b>whenHandedOver</b>: 2016-01-15</p><blockquote><p><b>dosageInstruction</b></p><p><b>sequence</b>: 1</p><p><b>text</b>: 10 drops four times daily - apply in mouth using cotton swab or finger</p><p><b>timing</b>: 4 per 1 days</p><blockquote><p><b>doseAndRate</b></p></blockquote></blockquote></div></text><contained>
        <Medication>
            <id value="med0312"/>
            <code>
                <coding>
                    <system value="http://snomed.info/sct"/>
                    <code value="324689003"/>
                    <display value="Nystatin 100,000 units/ml oral suspension (product)"/>
                </coding>
            </code>
        </Medication>
    </contained>
    <status value="entered-in-error"/>
    <medication>
            <!--   Linked to a RESOURCE Medication   -->
        <reference>
        <reference value="#med0312"/>
        <display value="Nystatin 100,000 units/ml oral suspension (product)"/>
        </reference>
    </medication>
    <subject>
        <reference value="Patient/pat1"/>
        <display value="Donald Duck "/> 
    </subject>
    <performer>
        <actor>
            <reference value="Practitioner/f006"/>
        </actor>
    </performer>
    <authorizingPrescription>
        <reference value="MedicationRequest/medrx0319"/>
    </authorizingPrescription>
    <type>
        <coding>
            <system value="http://terminology.hl7.org/CodeSystem/v3-ActCode"/>
            <code value="FF"/>
            <display value="First Fill"/>
        </coding>
    </type>
    <quantity>
        <value value="10"/>
        <unit value="ml"/>
        <system value="http://unitsofmeasure.org"/>
        <code value="ml"/> 
    </quantity>
    <daysSupply>
        <value value="10"/>
        <unit value="Day"/>
        <system value="http://unitsofmeasure.org"/>
        <code value="d"/>
    </daysSupply>
    <whenPrepared value="2015-01-15"/>
    <whenHandedOver value="2016-01-15"/>
    <dosageInstruction>
        <sequence value="1"/>
        <text value="10 drops four times daily - apply in mouth using cotton swab or finger"/>
        <timing>
            <repeat>
                <frequency value="4"/>
                <period value="1"/>
                <periodUnit value="d"/>
            </repeat>
        </timing>
        <doseAndRate>
            <type>
                <coding>
                    <system value="http://terminology.hl7.org/CodeSystem/dose-rate-type"/>
                    <code value="ordered"/>
                    <display value="Ordered"/>
                </coding>
            </type>
            <doseQuantity>
                <value value="10"/>
                <unit value="drop"/>
                <system value="http://terminology.hl7.org/CodeSystem/v3-orderableDrugForm"/>
                <code value="DROP"/>
            </doseQuantity>
        </doseAndRate>

    </dosageInstruction>
</MedicationDispense>