<?xml version="1.0" encoding="UTF-8"?><MedicationDispense xmlns="http://hl7.org/fhir">
    <id value="meddisp0308"/>
    <meta>
    <security>
      <system value="http://terminology.hl7.org/CodeSystem/v3-ActReason"/>
      <code value="HTEST"/>
      <display value="test health data"/>
    </security>
  </meta>
  <text><status value="generated"/><div xmlns="http://www.w3.org/1999/xhtml"><p><b>Generated Narrative: MedicationDispense</b><a name="meddisp0308"> </a></p><div style="display: inline-block; background-color: #d9e0e7; padding: 6px; margin: 4px; border: 1px solid #8da1b4; border-radius: 5px; line-height: 60%"><p style="margin-bottom: 0px">Resource MedicationDispense "meddisp0308" </p></div><p><b>status</b>: completed</p><h3>Medications</h3><table class="grid"><tr><td>-</td><td><b>Reference</b></td></tr><tr><td>*</td><td><span title="  Linked to a RESOURCE Medication  "><a name="med0305"> </a></span><blockquote><p/><p><a name="med0305"> </a></p><p><b>code</b>: Timoptic 5mg/ml solution <span style="background: LightGoldenRodYellow; margin: 4px; border: 1px solid khaki"> (<a href="http://terminology.hl7.org/5.1.0/CodeSystem-v3-ndc.html">National drug codes</a>#24208-813-10)</span></p></blockquote></td></tr></table><p><b>subject</b>: <a href="patient-example-a.html">Patient/pat1: Donald Duck </a> "Donald DUCK"</p><h3>Performers</h3><table class="grid"><tr><td>-</td><td><b>Actor</b></td></tr><tr><td>*</td><td><a href="practitioner-example-f006-rvdb.html">Practitioner/f006</a> "Rob VAN DEN BERK"</td></tr></table><p><b>authorizingPrescription</b>: <a href="medicationrequest0330.html">MedicationRequest/medrx0330</a></p><p><b>type</b>: Refill - Part Fill <span style="background: LightGoldenRodYellow; margin: 4px; border: 1px solid khaki"> (<a href="http://terminology.hl7.org/5.1.0/CodeSystem-v3-ActCode.html">ActCode</a>#RFP)</span></p><p><b>quantity</b>: 10 mL<span style="background: LightGoldenRodYellow"> (Details: UCUM code mL = 'mL')</span></p><p><b>daysSupply</b>: 30 Day<span style="background: LightGoldenRodYellow"> (Details: UCUM code d = 'd')</span></p><p><b>whenPrepared</b>: 2015-06-25T07:13:00+05:00</p><p><b>whenHandedOver</b>: 2015-06-26T07:13:00+05:00</p><blockquote><p><b>dosageInstruction</b></p><p><b>sequence</b>: 1</p><p><b>text</b>: Instil one drop in each eye twice daily</p><p><b>timing</b>: 2 per 1 days</p><p><b>route</b>: Ophthalmic route (qualifier value) <span style="background: LightGoldenRodYellow; margin: 4px; border: 1px solid khaki"> (<a href="https://browser.ihtsdotools.org/">SNOMED CT</a>#54485002)</span></p><p><b>method</b>: Instill - dosing instruction imperative (qualifier value) <span style="background: LightGoldenRodYellow; margin: 4px; border: 1px solid khaki"> (<a href="https://browser.ihtsdotools.org/">SNOMED CT</a>#421538008)</span></p><blockquote><p><b>doseAndRate</b></p></blockquote></blockquote></div></text><contained>
        <Medication>
            <id value="med0305"/>
            <code>
                <coding>
                    <system value="http://hl7.org/fhir/sid/ndc"/>
                    <code value="24208-813-10"/>
                    <display value="Timoptic 5mg/ml solution"/>
                </coding>
            </code>
        </Medication>
    </contained>
    <status value="completed"/>
    <medication>
            <!--   Linked to a RESOURCE Medication   -->
        <reference>
        <reference value="#med0305"/>
        <display value="Timoptic 5mg/ml solution"/>
        </reference>
    </medication>
    <subject>
        <reference value="Patient/pat1"/>
        <display value="Donald Duck "/> 
    </subject>
    <performer>
        <actor>
            <reference value="Practitioner/f006"/>
        </actor>
    </performer>
    <authorizingPrescription>
        <reference value="MedicationRequest/medrx0330"/>
    </authorizingPrescription>
    <type>
        <coding>
            <system value="http://terminology.hl7.org/CodeSystem/v3-ActCode"/>
            <code value="RFP"/>
            <display value="Refill - Part Fill"/>
        </coding>
    </type>
    <quantity>
        <value value="10"/>
        <unit value="mL"/>
        <system value="http://unitsofmeasure.org"/>
        <code value="mL"/> 
    </quantity>
    <daysSupply>
        <value value="30"/>
        <unit value="Day"/>
        <system value="http://unitsofmeasure.org"/>
        <code value="d"/>
    </daysSupply>
    <whenPrepared value="2015-06-25T07:13:00+05:00"/>
    <whenHandedOver value="2015-06-26T07:13:00+05:00"/>
    <dosageInstruction>
        <sequence value="1"/>
        <text value="Instil one drop in each eye twice daily"/>
        <timing>
            <repeat>
                <frequency value="2"/>
                <period value="1"/>
                <periodUnit value="d"/>
            </repeat>
        </timing>
        <route>
            <coding>
                <system value="http://snomed.info/sct"/>
                <code value="54485002"/>
                <display value="Ophthalmic route (qualifier value)"/>
            </coding>
        </route>
        <method>
            <coding>
                <system value="http://snomed.info/sct"/>
                <code value="421538008"/>
                <display value="Instill - dosing instruction imperative (qualifier value)"/>
            </coding>
        </method>
        <doseAndRate>
            <type>
                <coding>
                    <system value="http://terminology.hl7.org/CodeSystem/dose-rate-type"/>
                    <code value="ordered"/>
                    <display value="Ordered"/>
                </coding>
            </type>
            <doseQuantity>
                <value value="1"/>
                <unit value="OPDROP"/>
                <system value="http://terminology.hl7.org/CodeSystem/v3-orderableDrugForm"/>
                <code value="OPDROP"/> 
            </doseQuantity>
        </doseAndRate>

    </dosageInstruction>
</MedicationDispense>