<?xml version="1.0" encoding="UTF-8"?><MedicationAdministration xmlns="http://hl7.org/fhir"> 
  <id value="medadmin0303"/>
  <meta>
    <security>
      <system value="http://terminology.hl7.org/CodeSystem/v3-ActReason"/>
      <code value="HTEST"/>
      <display value="test health data"/>
    </security>
  </meta>
  <text><status value="generated"/><div xmlns="http://www.w3.org/1999/xhtml"><p><b>Generated Narrative: MedicationAdministration</b><a name="medadmin0303"> </a></p><div style="display: inline-block; background-color: #d9e0e7; padding: 6px; margin: 4px; border: 1px solid #8da1b4; border-radius: 5px; line-height: 60%"><p style="margin-bottom: 0px">Resource MedicationAdministration "medadmin0303" </p></div><p><b>status</b>: entered-in-error</p><h3>Medications</h3><table class="grid"><tr><td>-</td><td><b>Reference</b></td></tr><tr><td>*</td><td><a name="med0303"> </a><blockquote><p/><p><a name="med0303"> </a></p><p><b>code</b>: Zosyn (piperacillin/tazobactam) 4.5gm injection <span style="background: LightGoldenRodYellow; margin: 4px; border: 1px solid khaki"> (<a href="http://terminology.hl7.org/5.1.0/CodeSystem-v3-ndc.html">National drug codes</a>#0206-8862-02)</span></p></blockquote></td></tr></table><p><b>subject</b>: <a href="patient-example-a.html">Patient/pat1: Donald Duck</a> "Donald DUCK"</p><p><b>encounter</b>: <a href="encounter-example-f001-heart.html">Encounter/f001: encounter who leads to this prescription</a></p><p><b>occurence</b>: 2015-01-15T04:30:00+01:00 --&gt; 2015-01-15T14:30:00+01:00</p><blockquote><p><b>performer</b></p><h3>Actors</h3><table class="grid"><tr><td>-</td><td><b>Reference</b></td></tr><tr><td>*</td><td><a href="practitioner-example-f007-sh.html">Practitioner/f007: Patrick Pump</a> "Simone HEPS"</td></tr></table></blockquote><p><b>request</b>: <a href="medicationrequest0319.html">MedicationRequest/medrx0319</a></p><h3>Dosages</h3><table class="grid"><tr><td>-</td><td><b>Text</b></td><td><b>Route</b></td><td><b>Dose</b></td><td><b>Rate[x]</b></td></tr><tr><td>*</td><td>4.5 grams in D5W 250 ml. IV every 6 hours. Infuse over 30 min at 8L/min </td><td>Intravenous route (qualifier value) <span style="background: LightGoldenRodYellow; margin: 4px; border: 1px solid khaki"> (<a href="https://browser.ihtsdotools.org/">SNOMED CT</a>#47625008)</span></td><td>4.5 g<span style="background: LightGoldenRodYellow"> (Details: UCUM code g = 'g')</span></td><td>8 ml<span style="background: LightGoldenRodYellow"> (Details: UCUM code ml = 'ml')</span>/1 min<span style="background: LightGoldenRodYellow"> (Details: UCUM code min = 'min')</span></td></tr></table></div></text><contained>
      <Medication>
        <id value="med0303"/>
        <code>
          <coding>
            <system value="http://hl7.org/fhir/sid/ndc"/>
            <code value="0206-8862-02"/>
            <display value="Zosyn (piperacillin/tazobactam) 4.5gm injection"/>
          </coding>
        </code>
      </Medication>
  </contained>
  <status value="entered-in-error"/>
  <medication>
  <reference>
    <reference value="#med0303"/> </reference>
  </medication>
 <subject>
   <reference value="Patient/pat1"/>
   <display value="Donald Duck"/> 
  </subject>
  <encounter> 
    <reference value="Encounter/f001"/>
    <display value="encounter who leads to this prescription"/>
  </encounter>
  <occurencePeriod>
  <start value="2015-01-15T04:30:00+01:00"/>
   <end value="2015-01-15T14:30:00+01:00"/>
</occurencePeriod>
  <performer>
    <actor>
      <reference>
        <reference value="Practitioner/f007"/>
        <display value="Patrick Pump"/>
      </reference>
    </actor>
  </performer>
  <request>
    <reference value="MedicationRequest/medrx0319"/>
  </request>
  <dosage>
    <text value="4.5 grams in D5W 250 ml. IV every 6 hours. Infuse over 30 min at 8L/min "/>
    <route>
      <coding>
        <system value="http://snomed.info/sct"/>
        <code value="47625008"/>
        <display value="Intravenous route (qualifier value)"/>
      </coding>
    </route>
    <dose>
      <value value="4.5"/>
      <unit value="g"/>
      <system value="http://unitsofmeasure.org"/>
      <code value="g"/>
    </dose>
    <rateRatio>
      <numerator>
        <value value="8"/>
        <system value="http://unitsofmeasure.org"/>
        <code value="ml"/>
      </numerator>
      <denominator>
        <value value="1"/>
        <system value="http://unitsofmeasure.org"/>
        <code value="min"/>
      </denominator>
    </rateRatio>
  </dosage>
</MedicationAdministration>