<?xml version="1.0" encoding="UTF-8"?><MedicationRequest xmlns="http://hl7.org/fhir">
    <id value="medrx0333"/>
    <meta>
    <security>
      <system value="http://terminology.hl7.org/CodeSystem/v3-ActReason"/>
      <code value="HTEST"/>
      <display value="test health data"/>
    </security>
  </meta>
  <text><status value="generated"/><div xmlns="http://www.w3.org/1999/xhtml"><p><b>Generated Narrative: MedicationRequest</b><a name="medrx0333"> </a></p><div style="display: inline-block; background-color: #d9e0e7; padding: 6px; margin: 4px; border: 1px solid #8da1b4; border-radius: 5px; line-height: 60%"><p style="margin-bottom: 0px">Resource MedicationRequest "medrx0333" </p></div><p><b>identifier</b>: id: 12345689 (use: OFFICIAL)</p><p><b>status</b>: active</p><p><b>intent</b>: order</p><p><b>category</b>: Inpatient <span style="background: LightGoldenRodYellow; margin: 4px; border: 1px solid khaki"> (<a href="http://terminology.hl7.org/5.1.0/CodeSystem-medicationrequest-admin-location.html">Medication request  administration  location  codes</a>#inpatient)</span></p><h3>Medications</h3><table class="grid"><tr><td>-</td><td><b>Reference</b></td></tr><tr><td>*</td><td><span title="  Linked to a RESOURCE Medication  "><a name="med0310"> </a></span><blockquote><p/><p><a name="med0310"> </a></p><p><b>code</b>: Oral Form Oxycodone (product) <span style="background: LightGoldenRodYellow; margin: 4px; border: 1px solid khaki"> (<a href="https://browser.ihtsdotools.org/">SNOMED CT</a>#430127000)</span></p></blockquote></td></tr></table><p><b>subject</b>: <a href="patient-example-a.html">Patient/pat1: Donald Duck</a> "Donald DUCK"</p><p><b>encounter</b>: <a href="encounter-example-f001-heart.html">Encounter/f001: encounter who leads to this prescription</a></p><p><b>supportingInformation</b>: <a href="procedure-example-biopsy.html">Procedure/biopsy</a></p><p><b>authoredOn</b>: 2015-01-15</p><p><b>requester</b>: <a href="practitioner-example-f007-sh.html">Practitioner/f007: Patrick Pump</a> "Simone HEPS"</p><h3>Reasons</h3><table class="grid"><tr><td>-</td><td><b>Concept</b></td></tr><tr><td>*</td><td>Rib Pain (finding) <span style="background: LightGoldenRodYellow; margin: 4px; border: 1px solid khaki"> (<a href="https://browser.ihtsdotools.org/">SNOMED CT</a>#297217002)</span></td></tr></table><p><b>note</b>: Patient told to take with food</p><blockquote><p><b>dosageInstruction</b></p><p><b>sequence</b>: 1</p><p><b>text</b>: one tablet one time daily in the morning for rib pain</p><p><b>additionalInstruction</b>: Warning. May cause drowsiness. If affected do not drive or operate machinery. Avoid alcoholic drink (qualifier value) <span style="background: LightGoldenRodYellow; margin: 4px; border: 1px solid khaki"> (<a href="https://browser.ihtsdotools.org/">SNOMED CT</a>#418914006)</span></p><p><b>timing</b>: , ?ngen-6?</p><p><b>route</b>: Oral Route <span style="background: LightGoldenRodYellow; margin: 4px; border: 1px solid khaki"> (<a href="https://browser.ihtsdotools.org/">SNOMED CT</a>#26643006)</span></p><p><b>method</b>: Swallow - dosing instruction imperative (qualifier value) <span style="background: LightGoldenRodYellow; margin: 4px; border: 1px solid khaki"> (<a href="https://browser.ihtsdotools.org/">SNOMED CT</a>#421521009)</span></p><blockquote><p><b>doseAndRate</b></p></blockquote></blockquote><blockquote><p><b>dispenseRequest</b></p><p><b>validityPeriod</b>: 2015-01-15 --&gt; 2016-01-15</p><p><b>numberOfRepeatsAllowed</b>: 1</p><p><b>quantity</b>: 30 TAB<span style="background: LightGoldenRodYellow"> (Details: http://terminology.hl7.org/CodeSystem/v3-orderableDrugForm code TAB = 'Tablet')</span></p><h3>ExpectedSupplyDurations</h3><table class="grid"><tr><td>-</td><td><b>Value</b></td><td><b>Unit</b></td><td><b>System</b></td><td><b>Code</b></td></tr><tr><td>*</td><td>10</td><td>days</td><td><a href="http://terminology.hl7.org/5.1.0/CodeSystem-v3-ucum.html">Unified Code for Units of Measure (UCUM)</a></td><td>d</td></tr></table></blockquote><h3>Substitutions</h3><table class="grid"><tr><td>-</td><td><b>Allowed[x]</b></td><td><b>Reason</b></td></tr><tr><td>*</td><td>true</td><td>formulary policy <span style="background: LightGoldenRodYellow; margin: 4px; border: 1px solid khaki"> (<a href="http://terminology.hl7.org/5.1.0/CodeSystem-v3-ActReason.html">ActReason</a>#FP)</span></td></tr></table></div></text><contained>
      <Medication>
          <id value="med0310"/>
          <code>
              <coding>
                  <system value="http://snomed.info/sct"/>
                  <code value="430127000"/>
                  <display value="Oral Form Oxycodone (product)"/>
              </coding>
          </code>
      </Medication>
  </contained>
    <identifier>
        <use value="official"/>
        <system value="http://www.bmc.nl/portal/prescriptions"/>
        <value value="12345689"/>
    </identifier>
    <status value="active"/>
    <intent value="order"/>
    <category>
        <coding>
            <system value="http://terminology.hl7.org/CodeSystem/medicationrequest-admin-location"/>
            <code value="inpatient"/>
            <display value="Inpatient"/>
        </coding>
    </category>
    <medication>     <!--   Linked to a RESOURCE Medication   -->
    <reference>
           <reference value="#med0310"/>
           </reference>
    </medication> 
    <subject>     <!--   Linked to the resource patient who needs the medication   -->
        <reference value="Patient/pat1"/>
        <display value="Donald Duck"/>           
    </subject>

    <encounter>     <!--   Linked to a resource Encounter between patient and practitioner  -->
        <reference value="Encounter/f001"/>
        <display value="encounter who leads to this prescription"/>
    </encounter>
    <supportingInformation>
        <reference value="Procedure/biopsy"/>
    </supportingInformation>
    <authoredOn value="2015-01-15"/>
    <requester>
        <reference value="Practitioner/f007"/>
        <display value="Patrick Pump"/>
        
    </requester>
    <reason>
      <concept>
        <coding>
            <system value="http://snomed.info/sct"/>
            <code value="297217002"/>
            <display value="Rib Pain (finding)"/>
        </coding>
      </concept>
    </reason>
    <note>
        <text value="Patient told to take with food"/>
    </note>
    
        
   <dosageInstruction>
        <sequence value="1"/>
        <text value="one tablet one time daily in the morning for rib pain"/>
        <additionalInstruction>
            <coding>
                <system value="http://snomed.info/sct"/>
                <code value="418914006"/>
                <display value="Warning. May cause drowsiness. If affected do not drive or operate machinery. Avoid alcoholic drink (qualifier value)"/>
            </coding>
        </additionalInstruction>
        <timing>
            <repeat>
                <frequency value="1"/>
                <period value="1"/>
                <periodUnit value="d"/>
                <when value="MORN"/>
            </repeat>
        </timing>
        <route>
            <coding>
                <system value="http://snomed.info/sct"/>
                <code value="26643006"/>
                <display value="Oral Route"/>
            </coding>
        </route>
        <method>
            <coding>
                <system value="http://snomed.info/sct"/>
                <code value="421521009"/>
                <display value="Swallow - dosing instruction imperative (qualifier value)"/>
            </coding>
        </method>
        <doseAndRate>
            <type>
                <coding>
                    <system value="http://terminology.hl7.org/CodeSystem/dose-rate-type"/>
                    <code value="ordered"/>
                    <display value="Ordered"/>
                </coding>
            </type>
            <doseRange>
                <low>
                    <value value="1"/>
                    <unit value="TAB"/>
                    <system value="http://terminology.hl7.org/CodeSystem/v3-orderableDrugForm"/>
                    <code value="TAB"/> 
                </low>
                <high>
                    <value value="2"/>
                    <unit value="TAB"/>
                    <system value="http://terminology.hl7.org/CodeSystem/v3-orderableDrugForm"/>
                    <code value="TAB"/> 
                </high>
            </doseRange>
        </doseAndRate>
        
    </dosageInstruction>
    
    <dispenseRequest>
        <validityPeriod>
            <start value="2015-01-15"/>
            <end value="2016-01-15"/>
        </validityPeriod>
        <numberOfRepeatsAllowed value="1"/>
        <quantity>
            <value value="30"/>
            <unit value="TAB"/>
            <system value="http://terminology.hl7.org/CodeSystem/v3-orderableDrugForm"/>
            <code value="TAB"/> 
        </quantity>
        <expectedSupplyDuration>
            <value value="10"/>
            <unit value="days"/>
            <system value="http://unitsofmeasure.org"/>
            <code value="d"/> 
        </expectedSupplyDuration>
    </dispenseRequest>   
    <substitution>
        <allowedBoolean value="true"/>
        <reason>
            <coding>
                <system value="http://terminology.hl7.org/CodeSystem/v3-ActReason"/>
                <code value="FP"/>
                <display value="formulary policy"/>             
            </coding>
        </reason>
    </substitution>
</MedicationRequest>