<?xml version="1.0" encoding="UTF-8"?><Bundle xmlns="http://hl7.org/fhir">
  <id value="00b99077-2bda-436e-98cc-a4f65d6c2fe0"/>
  <meta>
    <security>
      <system value="http://terminology.hl7.org/CodeSystem/v3-ActReason"/>
      <code value="HTEST"/>
      <display value="test health data"/>
    </security>
  </meta>
  <type value="subscription-notification"/>
  <timestamp value="2020-04-17T10:24:13.1882432-05:00"/>
  <entry>
    <fullUrl value="urn:uuid:d195d9b8-6f78-4d71-9d22-3c1a923bfea5"/>
    <resource>
      <SubscriptionStatus>
        <id value="d195d9b8-6f78-4d71-9d22-3c1a923bfea5"/>
        <text><status value="generated"/><div xmlns="http://www.w3.org/1999/xhtml"><p><b>Generated Narrative: SubscriptionStatus</b><a name="d195d9b8-6f78-4d71-9d22-3c1a923bfea5"> </a></p><div style="display: inline-block; background-color: #d9e0e7; padding: 6px; margin: 4px; border: 1px solid #8da1b4; border-radius: 5px; line-height: 60%"><p style="margin-bottom: 0px">Resource SubscriptionStatus "d195d9b8-6f78-4d71-9d22-3c1a923bfea5" </p></div><p><b>status</b>: active</p><p><b>type</b>: event-notification</p><p><b>eventsSinceSubscriptionStart</b>: 2</p><h3>NotificationEvents</h3><table class="grid"><tr><td>-</td><td><b>EventNumber</b></td><td><b>Focus</b></td></tr><tr><td>*</td><td>2</td><td><a href="broken-link.html">http://example.org/FHIR/R5/Encounter/2</a></td></tr></table><p><b>subscription</b>: <a href="broken-link.html">http://example.org/FHIR/R5/Subscription/123</a></p><p><b>topic</b>: <a href="http://example.org/FHIR/R5/SubscriptionTopic/admission">http://example.org/FHIR/R5/SubscriptionTopic/admission</a></p></div></text><status value="active"/>
        <type value="event-notification"/>
        <eventsSinceSubscriptionStart value="2"/>
        <notificationEvent>
          <eventNumber value="2"/>
          <focus>
            <reference value="http://example.org/FHIR/R5/Encounter/2"/>
          </focus>
        </notificationEvent>
        <subscription>
          <reference value="http://example.org/FHIR/R5/Subscription/123"/>
        </subscription>
        <topic value="http://example.org/FHIR/R5/SubscriptionTopic/admission"/>
      </SubscriptionStatus>
    </resource>
  </entry>
  <entry>
    <fullUrl value="https://example.org/FHIR/R5/Encounter/2"/>
    <resource>
      <Encounter>
        <id value="2"/>
        <meta>
          <versionId value="1"/>
          <lastUpdated value="2019-08-07T10:49:22Z"/>
        </meta>
        <text><status value="generated"/><div xmlns="http://www.w3.org/1999/xhtml"><p><b>Generated Narrative: Encounter</b><a name="2"> </a></p><div style="display: inline-block; background-color: #d9e0e7; padding: 6px; margin: 4px; border: 1px solid #8da1b4; border-radius: 5px; line-height: 60%"><p style="margin-bottom: 0px">Resource Encounter "2" Version "1" Updated "2019-08-07T10:49:22Z" </p></div><p><b>status</b>: in-progress</p><p><b>class</b>: virtual <span style="background: LightGoldenRodYellow; margin: 4px; border: 1px solid khaki"> (<a href="http://terminology.hl7.org/5.1.0/CodeSystem-v3-ActCode.html">ActCode</a>#VR)</span></p><p><b>subject</b>: <a href="broken-link.html">Patient/ABC</a></p></div></text><status value="in-progress"/>
        <class>
			<coding>
				<system value="http://terminology.hl7.org/CodeSystem/v3-ActCode"/>
				<code value="VR"/>
				<display value="virtual"/>
			</coding>
        </class>
        <subject>
          <reference value="Patient/ABC"/>
        </subject>
      </Encounter>
    </resource>
    <request>
      <method value="PUT"/>
      <url value="Encounter/2"/>
    </request>
    <response>
      <status value="201"/>
    </response>
  </entry>
</Bundle>