<?xml version="1.0" encoding="UTF-8"?><Observation xmlns="http://hl7.org/fhir">
	<id value="decimal"/>
	<meta>
    <security>
      <system value="http://terminology.hl7.org/CodeSystem/v3-ActReason"/>
      <code value="HTEST"/>
      <display value="test health data"/>
    </security>
  </meta>
  <text><status value="generated"/><div xmlns="http://www.w3.org/1999/xhtml"><p><b>Generated Narrative: Observation</b><a name="decimal"> </a></p><div style="display: inline-block; background-color: #d9e0e7; padding: 6px; margin: 4px; border: 1px solid #8da1b4; border-radius: 5px; line-height: 60%"><p style="margin-bottom: 0px">Resource Observation "decimal" </p></div><p><b>status</b>: final</p><p><b>code</b>: Decimal Testing Observation <span style="background: LightGoldenRodYellow; margin: 4px; border: 1px solid khaki"> ()</span></p><blockquote><p><b>component</b></p><p><b>code</b>: Component <span style="background: LightGoldenRodYellow; margin: 4px; border: 1px solid khaki"> ()</span></p><p><b>value</b>: 1.0 g</p></blockquote><blockquote><p><b>component</b></p><p><b>code</b>: Component <span style="background: LightGoldenRodYellow; margin: 4px; border: 1px solid khaki"> ()</span></p><p><b>value</b>: 1.00 g</p></blockquote><blockquote><p><b>component</b></p><p><b>code</b>: Component <span style="background: LightGoldenRodYellow; margin: 4px; border: 1px solid khaki"> ()</span></p><p><b>value</b>: 1.0 g</p></blockquote><blockquote><p><b>component</b></p><p><b>code</b>: Component <span style="background: LightGoldenRodYellow; margin: 4px; border: 1px solid khaki"> ()</span></p><p><b>value</b>: 1E-17 g</p></blockquote><blockquote><p><b>component</b></p><p><b>code</b>: Component <span style="background: LightGoldenRodYellow; margin: 4px; border: 1px solid khaki"> ()</span></p><p><b>value</b>: 10000000000000000 g</p></blockquote><blockquote><p><b>component</b></p><p><b>code</b>: Component <span style="background: LightGoldenRodYellow; margin: 4px; border: 1px solid khaki"> ()</span></p><p><b>value</b>: 1.00000000000000000E-24 g</p></blockquote><blockquote><p><b>component</b></p><p><b>code</b>: Component <span style="background: LightGoldenRodYellow; margin: 4px; border: 1px solid khaki"> ()</span></p><p><b>value</b>: -1.00000000000000000E+245 g</p></blockquote></div></text><status value="final"/>
	<code>
    <text value="Decimal Testing Observation"/>
	</code>
  <component>
    <code>
      <text value="Component"/>
    </code>
    <valueQuantity>
      <value value="1.0"/>
      <unit value="g"/>
    </valueQuantity>
  </component>
  <component>
    <code>
      <text value="Component"/>
    </code>
    <valueQuantity>
      <value value="1.00"/>
      <unit value="g"/>
    </valueQuantity>
  </component>
  <component>
    <code>
      <text value="Component"/>
    </code>
    <valueQuantity>
      <value value="1.0e0"/>
      <unit value="g"/>
    </valueQuantity>
  </component>
  <component>
    <code>
      <text value="Component"/>
    </code>
    <valueQuantity>
      <value value="0.00000000000000001"/>
      <unit value="g"/>
    </valueQuantity>
  </component>
  <component>
    <code>
      <text value="Component"/>
    </code>
    <valueQuantity>
      <value value="10000000000000000"/>
      <unit value="g"/>
    </valueQuantity>
  </component>
  <component>
    <code>
      <text value="Component"/>
    </code>
    <valueQuantity>
      <value value="1.00000000000000000e-24"/>
      <unit value="g"/>
    </valueQuantity>
  </component>
  <component>
    <code>
      <text value="Component"/>
    </code>
    <valueQuantity>
      <value value="-1.00000000000000000e245"/>
      <unit value="g"/>
    </valueQuantity>
  </component>
</Observation>