<?xml version="1.0" encoding="UTF-8"?><Observation xmlns="http://hl7.org/fhir">
	<id value="trachcare"/>
	<meta>
    <security>
      <system value="http://terminology.hl7.org/CodeSystem/v3-ActReason"/>
      <code value="HTEST"/>
      <display value="test health data"/>
    </security>
  </meta>
  <text><status value="generated"/><div xmlns="http://www.w3.org/1999/xhtml"><p><b>Generated Narrative: Observation</b><a name="trachcare"> </a></p><div style="display: inline-block; background-color: #d9e0e7; padding: 6px; margin: 4px; border: 1px solid #8da1b4; border-radius: 5px; line-height: 60%"><p style="margin-bottom: 0px">Resource Observation "trachcare" </p></div><p><b>status</b>: final</p><p><b>category</b>: Exam <span style="background: LightGoldenRodYellow; margin: 4px; border: 1px solid khaki"> (<a href="http://terminology.hl7.org/5.1.0/CodeSystem-observation-category.html">Observation Category Codes</a>#exam)</span></p><p><b>code</b>: Tracheostomy care assessment (procedure) <span style="background: LightGoldenRodYellow; margin: 4px; border: 1px solid khaki"> (<a href="https://browser.ihtsdotools.org/">SNOMED CT</a>#410211008)</span></p><p><b>subject</b>: <a href="broken-link.html">Patient/infant</a></p><p><b>focus</b>: <a href="patient-example-infant-mom.html">Patient/infant-mom</a> "Leia SOLO"</p><p><b>effective</b>: 2018-03-11T16:07:54Z</p><p><b>value</b>: Mother is trained to change her child's tracheostomy tube</p></div></text><status value="final"/>
	<category>
		<coding>
			<system value="http://terminology.hl7.org/CodeSystem/observation-category"/>
			<code value="exam"/>
			<display value="Exam"/>
		</coding>
		<text value="Exam"/>
	</category>
	<code>
		<coding>
			<system value="http://snomed.info/sct"/>
			<code value="410211008"/>
			<display value="Tracheostomy care assessment (procedure)"/>
		</coding>
	</code>
	<subject>
		<reference value="Patient/infant"/>
	</subject>
	<focus>
		<reference value="Patient/infant-mom"/>
	</focus>
	<effectiveDateTime value="2018-03-11T16:07:54+00:00"/>
	<valueString value="Mother is trained to change her child's tracheostomy tube"/>
</Observation>