<?xml version="1.0" encoding="UTF-8"?><Observation xmlns="http://hl7.org/fhir">
	<id value="f005"/>    <!--    urn:oid:2.16.840.1.113883.4.642.1.7    --><meta>
    <security>
      <system value="http://terminology.hl7.org/CodeSystem/v3-ActReason"/>
      <code value="HTEST"/>
      <display value="test health data"/>
    </security>
  </meta>
  <text><status value="generated"/><div xmlns="http://www.w3.org/1999/xhtml"><p><b>Generated Narrative: Observation</b><a name="f005"> </a></p><div style="display: inline-block; background-color: #d9e0e7; padding: 6px; margin: 4px; border: 1px solid #8da1b4; border-radius: 5px; line-height: 60%"><p style="margin-bottom: 0px">Resource Observation "f005" </p></div><p><b>identifier</b>: <span title="   urn:oid:2.16.840.1.113883.4.642.1.7   ">id: 6327 (use: OFFICIAL)</span></p><p><b>status</b>: final</p><p><b>code</b>: Hemoglobin [Mass/volume] in Blood <span style="background: LightGoldenRodYellow; margin: 4px; border: 1px solid khaki"> (<a href="https://loinc.org/">LOINC</a>#718-7)</span></p><p><b>subject</b>: <a href="patient-example-f001-pieter.html">Patient/f001: P. van de Heuvel</a> "Pieter VAN DE HEUVEL"</p><p><b>effective</b>: 2013-04-05T10:30:10+01:00</p><p><b>issued</b>: 6 Apr 2013, 1:30:10 am</p><p><b>performer</b>: <a href="practitioner-example-f005-al.html">Practitioner/f005: A. Langeveld</a> "Langeveld ANNE"</p><p><b>value</b>: 7.2 g/dl<span style="background: LightGoldenRodYellow"> (Details: UCUM code g/dL = 'g/dL')</span></p><p><b>interpretation</b>: Low <span style="background: LightGoldenRodYellow; margin: 4px; border: 1px solid khaki"> (<a href="http://terminology.hl7.org/5.1.0/CodeSystem-v3-ObservationInterpretation.html">ObservationInterpretation</a>#L)</span></p><h3>ReferenceRanges</h3><table class="grid"><tr><td>-</td><td><b>Low</b></td><td><b>High</b></td></tr><tr><td>*</td><td>7.5 g/dl<span style="background: LightGoldenRodYellow"> (Details: UCUM code g/dL = 'g/dL')</span></td><td>10 g/dl<span style="background: LightGoldenRodYellow"> (Details: UCUM code g/dL = 'g/dL')</span></td></tr></table></div></text><identifier>
		<use value="official"/>
		<system value="http://www.bmc.nl/zorgportal/identifiers/observations"/>
		<value value="6327"/>
	</identifier>
	<status value="final"/>
	<code>
		<coding>
			<system value="http://loinc.org"/>
			<code value="718-7"/>
			<display value="Hemoglobin [Mass/volume] in Blood"/>
		</coding>
	</code>
	<subject>
		<reference value="Patient/f001"/>
		<display value="P. van de Heuvel"/>
	</subject>
	<effectiveDateTime value="2013-04-05T10:30:10+01:00"/>
	<issued value="2013-04-05T15:30:10+01:00"/>
	<performer>
		<reference value="Practitioner/f005"/>
		<display value="A. Langeveld"/>
	</performer>
	<valueQuantity>
		<value value="7.2"/>
		<unit value="g/dl"/>
		<system value="http://unitsofmeasure.org"/>
		<code value="g/dL"/>
	</valueQuantity>
	<interpretation>
		<coding>
			<system value="http://terminology.hl7.org/CodeSystem/v3-ObservationInterpretation"/>
			<code value="L"/>
			<display value="Low"/>
		</coding>
	</interpretation>
	<referenceRange>
		<low>
			<value value="7.5"/>
			<unit value="g/dl"/>
			<system value="http://unitsofmeasure.org"/>
			<code value="g/dL"/>
		</low>
		<high>
			<value value="10"/>
			<unit value="g/dl"/>
			<system value="http://unitsofmeasure.org"/>
			<code value="g/dL"/>
		</high>
	</referenceRange>
</Observation>