<?xml version="1.0" encoding="UTF-8"?><Observation xmlns="http://hl7.org/fhir">
	<id value="mbp"/>
	<meta>
    <security>
      <system value="http://terminology.hl7.org/CodeSystem/v3-ActReason"/>
      <code value="HTEST"/>
      <display value="test health data"/>
    </security>
  </meta>
  <text><status value="generated"/><div xmlns="http://www.w3.org/1999/xhtml"><p><b>Generated Narrative: Observation</b><a name="mbp"> </a></p><div style="display: inline-block; background-color: #d9e0e7; padding: 6px; margin: 4px; border: 1px solid #8da1b4; border-radius: 5px; line-height: 60%"><p style="margin-bottom: 0px">Resource Observation "mbp" </p></div><p><b>status</b>: final</p><p><b>category</b>: Vital Signs <span style="background: LightGoldenRodYellow; margin: 4px; border: 1px solid khaki"> (<a href="http://terminology.hl7.org/5.1.0/CodeSystem-observation-category.html">Observation Category Codes</a>#vital-signs)</span></p><p><b>code</b>: Mean blood pressure <span style="background: LightGoldenRodYellow; margin: 4px; border: 1px solid khaki"> (<a href="https://loinc.org/">LOINC</a>#8478-0)</span></p><p><b>subject</b>: <a href="patient-example.html">Patient/example</a> "Peter CHALMERS"</p><p><b>effective</b>: 1999-07-02</p><p><b>value</b>: 80 mm[Hg]<span style="background: LightGoldenRodYellow"> (Details: UCUM code mm[Hg] = 'mmHg')</span></p></div></text><status value="final"/>
	<category>
		<coding>
			<system value="http://terminology.hl7.org/CodeSystem/observation-category"/>
			<code value="vital-signs"/>
			<display value="Vital Signs"/>
		</coding>
		<text value="Vital Signs"/>
	</category>
	<code>
		<coding>
			<system value="http://loinc.org"/>
			<code value="8478-0"/>
			<display value="Mean blood pressure"/>
		</coding>
		<text value="Mean blood pressure"/>
	</code>
	<subject>
		<reference value="Patient/example"/>
	</subject>
	<effectiveDateTime value="1999-07-02"/>
	<valueQuantity>
		<value value="80"/>
		<unit value="mm[Hg]"/>
		<system value="http://unitsofmeasure.org"/>
		<code value="mm[Hg]"/>
	</valueQuantity>
</Observation>