<?xml version="1.0" encoding="UTF-8"?><Observation xmlns="http://hl7.org/fhir">
	<id value="f003"/>    <!--     urn:oid:2.16.840.1.113883.4.642.1.7     -->    <!--     2.16.840.1.113883.4.642.1.118     --><meta>
    <security>
      <system value="http://terminology.hl7.org/CodeSystem/v3-ActReason"/>
      <code value="HTEST"/>
      <display value="test health data"/>
    </security>
  </meta>
  <text><status value="generated"/><div xmlns="http://www.w3.org/1999/xhtml"><p><b>Generated Narrative: Observation</b><a name="f003"> </a></p><div style="display: inline-block; background-color: #d9e0e7; padding: 6px; margin: 4px; border: 1px solid #8da1b4; border-radius: 5px; line-height: 60%"><p style="margin-bottom: 0px">Resource Observation "f003" </p></div><p><b>identifier</b>: <span title="    urn:oid:2.16.840.1.113883.4.642.1.7    &amp;#10;    2.16.840.1.113883.4.642.1.118    ">id: 6325 (use: OFFICIAL)</span></p><p><b>status</b>: final</p><p><b>code</b>: Carbon dioxide in blood <span style="background: LightGoldenRodYellow; margin: 4px; border: 1px solid khaki"> (<a href="https://loinc.org/">LOINC</a>#11557-6)</span></p><p><b>subject</b>: <a href="patient-example-f001-pieter.html">Patient/f001: P. van de Heuvel</a> "Pieter VAN DE HEUVEL"</p><p><b>effective</b>: 2013-04-02T10:30:10+01:00</p><p><b>issued</b>: 4 Apr 2013, 1:30:10 am</p><p><b>performer</b>: <a href="practitioner-example-f005-al.html">Practitioner/f005: A. Langeveld</a> "Langeveld ANNE"</p><p><b>value</b>: 6.2 kPa<span style="background: LightGoldenRodYellow"> (Details: UCUM code kPa = 'kPa')</span></p><p><b>interpretation</b>: High <span style="background: LightGoldenRodYellow; margin: 4px; border: 1px solid khaki"> (<a href="http://terminology.hl7.org/5.1.0/CodeSystem-v3-ObservationInterpretation.html">ObservationInterpretation</a>#H)</span></p><h3>ReferenceRanges</h3><table class="grid"><tr><td>-</td><td><b>Low</b></td><td><b>High</b></td></tr><tr><td>*</td><td>4.8 kPa<span style="background: LightGoldenRodYellow"> (Details: UCUM code kPa = 'kPa')</span></td><td>6.0 kPa<span style="background: LightGoldenRodYellow"> (Details: UCUM code kPa = 'kPa')</span></td></tr></table></div></text><identifier>
		<use value="official"/>
		<system value="http://www.bmc.nl/zorgportal/identifiers/observations"/>
		<value value="6325"/>
	</identifier>
	<status value="final"/>
	<code>
		<coding>
			<system value="http://loinc.org"/>
			<code value="11557-6"/>
			<display value="Carbon dioxide in blood"/>
		</coding>
	</code>
	<subject>
		<reference value="Patient/f001"/>
		<display value="P. van de Heuvel"/>
	</subject>
	<effectiveDateTime value="2013-04-02T10:30:10+01:00"/>
	<issued value="2013-04-03T15:30:10+01:00"/>
	<performer>
		<reference value="Practitioner/f005"/>
		<display value="A. Langeveld"/>
	</performer>
	<valueQuantity>
		<value value="6.2"/>
		<unit value="kPa"/>
		<system value="http://unitsofmeasure.org"/>
		<code value="kPa"/>
	</valueQuantity>
	<interpretation>
		<coding>
			<system value="http://terminology.hl7.org/CodeSystem/v3-ObservationInterpretation"/>
			<code value="H"/>
			<display value="High"/>
		</coding>
	</interpretation>
	<referenceRange>
		<low>
			<value value="4.8"/>
			<unit value="kPa"/>
			<system value="http://unitsofmeasure.org"/>
			<code value="kPa"/>
		</low>
		<high>
			<value value="6.0"/>
			<unit value="kPa"/>
			<system value="http://unitsofmeasure.org"/>
			<code value="kPa"/>
		</high>
	</referenceRange>
</Observation>