<?xml version="1.0" encoding="UTF-8"?>

<OperationDefinition xmlns="http://hl7.org/fhir">
  <id value="Resource-meta-delete"/>
  <text>
    <status value="extensions"/>
    <div xmlns="http://www.w3.org/1999/xhtml">
      <p>URL: [base]/Resource/[id]/$meta-delete</p>
      <p>Parameters</p>
      <table class="grid">
        <tr>
          <td>
            <b>Use</b>
          </td>
          <td>
            <b>Name</b>
          </td>
          <td>
            <b>Scope</b>
          </td>
          <td>
            <b>Cardinality</b>
          </td>
          <td>
            <b>Type</b>
          </td>
          <td>
            <b>Binding</b>
          </td>
          <td>
            <b>Documentation</b>
          </td>
        </tr>
        <tr>
          <td>IN</td>
          <td>meta</td>
          <td/>
          <td>1..1</td>
          <td>
            <a href="resource.html#Meta">Meta</a>
          </td>
          <td/>
          <td>
            <div>
              <p>Profiles, tags, and security labels to delete from the existing resource. It is not an error if these tags, profiles, and labels do not exist.  The identity of a tag or security label is the system+code. When matching existing tags during deletion, version and display are ignored. For profiles, matching is based on the full URL</p>

            </div>
          </td>
        </tr>
        <tr>
          <td>OUT</td>
          <td>return</td>
          <td/>
          <td>1..1</td>
          <td>
            <a href="resource.html#Meta">Meta</a>
          </td>
          <td/>
          <td>
            <div>
              <p>Resulting meta for the resource</p>

            </div>
          </td>
        </tr>
      </table>
    </div>
  </text>
  <extension url="http://hl7.org/fhir/StructureDefinition/structuredefinition-fmm">
    <valueInteger value="3"/>
  </extension>
  <extension url="http://hl7.org/fhir/StructureDefinition/structuredefinition-standards-status">
    <valueCode value="trial-use"/>
  </extension>
  <url value="http://hl7.org/fhir/OperationDefinition/Resource-meta-delete"/>
  <version value="5.0.0"/>
  <name value="MetaDelete"/>
  <title value="Delete profiles, tags, and security labels for a resource"/>
  <status value="draft"/>
  <kind value="operation"/>
  <experimental value="false"/>
  <date value="2023-03-26T15:21:02+11:00"/>
  <publisher value="HL7 (FHIR Project)"/>
  <contact>
    <telecom>
      <system value="url"/>
      <value value="http://hl7.org/fhir"/>
    </telecom>
    <telecom>
      <system value="email"/>
      <value value="fhir@lists.hl7.org"/>
    </telecom>
  </contact>
  <description value="This operation takes a meta, and deletes the profiles, tags, and security labels found in it from the nominated resource"/>
  <jurisdiction>
    <coding>
      <system value="http://unstats.un.org/unsd/methods/m49/m49.htm"/>
      <code value="001"/>
      <display value="World"/>
    </coding>
  </jurisdiction>
  <affectsState value="true"/>
  <code value="meta-delete"/>
  <resource value="Resource"/>
  <system value="false"/>
  <type value="false"/>
  <instance value="true"/>
  <parameter>
    <name value="meta"/>
    <use value="in"/>
    <min value="1"/>
    <max value="1"/>
    <documentation value="Profiles, tags, and security labels to delete from the existing resource. It is not an error if these tags, profiles, and labels do not exist.  The identity of a tag or security label is the system+code. When matching existing tags during deletion, version and display are ignored. For profiles, matching is based on the full URL"/>
    <type value="Meta"/>
  </parameter>
  <parameter>
    <name value="return"/>
    <use value="out"/>
    <min value="1"/>
    <max value="1"/>
    <documentation value="Resulting meta for the resource"/>
    <type value="Meta"/>
  </parameter>
</OperationDefinition>