<?xml version="1.0" encoding="UTF-8"?><Practitioner xmlns="http://hl7.org/fhir">
	<id value="prac4"/>
	<meta>
    <security>
      <system value="http://terminology.hl7.org/CodeSystem/v3-ActReason"/>
      <code value="HTEST"/>
      <display value="test health data"/>
    </security>
  </meta>
  <text><status value="generated"/><div xmlns="http://www.w3.org/1999/xhtml"><p><b>Generated Narrative: Practitioner</b><a name="prac4"> </a></p><div style="display: inline-block; background-color: #d9e0e7; padding: 6px; margin: 4px; border: 1px solid #8da1b4; border-radius: 5px; line-height: 60%"><p style="margin-bottom: 0px">Resource Practitioner "prac4" </p></div><p><b>active</b>: true</p><p><b>name</b>: Sandy Notsowell (OFFICIAL)</p><p><b>gender</b>: female</p><p><b>birthDate</b>: 1982-08-02</p><p><b>deceased</b>: 2021-12-12</p></div></text><active value="true"/>
	<name>
		<use value="official"/>
		<family value="Notsowell"/>
		<given value="Sandy"/>
	</name>
	<gender value="female"/>
	<birthDate value="1982-08-02"/>
	<deceasedDateTime value="2021-12-12"/>
</Practitioner>