<?xml version="1.0" encoding="UTF-8"?><Practitioner xmlns="http://hl7.org/fhir">
  <id value="f003"/>
    <meta>
    <security>
      <system value="http://terminology.hl7.org/CodeSystem/v3-ActReason"/>
      <code value="HTEST"/>
      <display value="test health data"/>
    </security>
  </meta>
  <text><status value="generated"/><div xmlns="http://www.w3.org/1999/xhtml"><p><b>Generated Narrative: Practitioner</b><a name="f003"> </a></p><div style="display: inline-block; background-color: #d9e0e7; padding: 6px; margin: 4px; border: 1px solid #8da1b4; border-radius: 5px; line-height: 60%"><p style="margin-bottom: 0px">Resource Practitioner "f003" </p></div><p><b>identifier</b>: id: 846100293 (use: OFFICIAL), id: 243HID3RT938 (use: USUAL)</p><p><b>name</b>: Marc Versteegh (OFFICIAL)</p><p><b>telecom</b>: ph: 0205562431(WORK), <a href="mailto:m.versteegh@bmc.nl">m.versteegh@bmc.nl</a>, fax: 0205662948(WORK)</p><p><b>gender</b>: male</p><p><b>birthDate</b>: 1963-07-01</p><p><b>address</b>: Galapagosweg 91 Amsterdam 1105 AZ NLD (WORK)</p><h3>Communications</h3><table class="grid"><tr><td>-</td><td><b>Language</b></td></tr><tr><td>*</td><td>Dutch <span style="background: LightGoldenRodYellow; margin: 4px; border: 1px solid khaki"> (<a href="http://terminology.hl7.org/5.1.0/CodeSystem-v3-ietf3066.html">Tags for the Identification of Languages</a>#nl)</span></td></tr></table></div></text><identifier>
        <use value="official"/>
        <system value="urn:oid:2.16.528.1.1007.3.1"/>
            <!--   Identificatiesysteem Zorgverlener UZI   -->
        <value value="846100293"/>
    </identifier>
    <identifier>
        <use value="usual"/>
        <system value="urn:oid:2.16.840.1.113883.2.4.6.3"/>
            <!--   BSN identification system   -->
        <value value="243HID3RT938"/>
    </identifier>
    <name>
        <use value="official"/>
        <family value="Versteegh"/>
        <given value="Marc"/>
        <suffix value="MD"/>
    </name>
    <telecom>
        <system value="phone"/>
        <value value="0205562431"/>
        <use value="work"/>
    </telecom>
    <telecom>
        <system value="email"/>
        <value value="m.versteegh@bmc.nl"/>
        <use value="work"/>
    </telecom>
    <telecom>
        <system value="fax"/>
        <value value="0205662948"/>
        <use value="work"/>
    </telecom>
    <gender value="male"/>
    <birthDate value="1963-07-01"/>
    <address>
        <use value="work"/>
        <line value="Galapagosweg 91"/>
        <city value="Amsterdam"/>
        <postalCode value="1105 AZ"/>
        <country value="NLD"/>     <!--   ISO 3166 Codes (Countries)   -->
    </address>
    <communication>
        <language>
            <coding>
                <system value="urn:ietf:bcp:47"/>
                    <!--   List of ISO 639-1 language codes (ISO 3066)   -->
                <code value="nl"/>
                <display value="Dutch"/>
            </coding>
        </language>
    </communication>
</Practitioner>