<?xml version="1.0" encoding="UTF-8"?><Questionnaire xmlns="http://hl7.org/fhir">
    <id value="child-rel-demo"/>
    <meta>
        <versionId value="1"/>
        <lastUpdated value="2023-03-03T03:05:07.9531803+00:00"/>
    
    <security>
      <system value="http://terminology.hl7.org/CodeSystem/v3-ActReason"/>
      <code value="HTEST"/>
      <display value="test health data"/>
    </security>
  </meta>
    <text><status value="generated"/><div xmlns="http://www.w3.org/1999/xhtml"><p><b>Generated Narrative: Questionnaire</b><a name="child-rel-demo"> </a></p><div style="display: inline-block; background-color: #d9e0e7; padding: 6px; margin: 4px; border: 1px solid #8da1b4; border-radius: 5px; line-height: 60%"><p style="margin-bottom: 0px">Resource Questionnaire "child-rel-demo" Version "1" Updated "2023-03-03T03:05:07.9531803Z" </p></div><p><b>url</b>: <code>http://example.org/Questionnaire/child-rel-demo</code></p><p><b>title</b>: Demo form on R5 spec QR page</p><p><b>status</b>: draft</p><blockquote><p><b>item</b></p><p><b>linkId</b>: grp1</p><p><b>text</b>: grp1</p><p><b>type</b>: group</p><p><b>required</b>: true</p><p><b>repeats</b>: true</p><blockquote><p><b>item</b></p><p><b>linkId</b>: grp2</p><p><b>text</b>: grp2</p><p><b>type</b>: group</p><blockquote><p><b>item</b></p></blockquote><blockquote><p><b>item</b></p></blockquote></blockquote><blockquote><p><b>item</b></p><p><b>linkId</b>: Q3</p><p><b>text</b>: Q3</p><p><b>type</b>: string</p><p><b>required</b>: true</p><p><b>repeats</b>: true</p><blockquote><p><b>item</b></p></blockquote><blockquote><p><b>item</b></p></blockquote></blockquote></blockquote></div></text><url value="http://example.org/Questionnaire/child-rel-demo"/>
    <title value="Demo form on R5 spec QR page"/>
    <status value="draft"/>
    <item>
        <linkId value="grp1"/>
        <text value="grp1"/>
        <type value="group"/>
        <required value="true"/>
        <repeats value="true"/>
        <item>
            <linkId value="grp2"/>
            <text value="grp2"/>
            <type value="group"/>
            <item>
                <linkId value="Q1"/>
                <text value="Q1"/>
                <type value="string"/>
                <repeats value="true"/>
            </item>
            <item>
                <linkId value="Q2"/>
                <text value="Q2"/>
                <type value="string"/>
            </item>
        </item>
        <item>
            <linkId value="Q3"/>
            <text value="Q3"/>
            <type value="string"/>
            <required value="true"/>
            <repeats value="true"/>
            <item>
                <linkId value="Q4"/>
                <text value="Q4"/>
                <type value="string"/>
            </item>
            <item>
                <linkId value="grp3"/>
                <text value="grp3"/>
                <type value="string"/>
                <item>
                    <linkId value="Q5"/>
                    <text value="Q5"/>
                    <type value="string"/>
                </item>
            </item>
        </item>
    </item>
</Questionnaire>