<?xml version="1.0" encoding="UTF-8"?><RelatedPerson xmlns="http://hl7.org/fhir">
  <id value="relatedPersonDenovoFather"/>
  <meta>
    <security>
      <system value="http://terminology.hl7.org/CodeSystem/v3-ActReason"/>
      <code value="HTEST"/>
      <display value="test health data"/>
    </security>
  </meta>
  <text><status value="generated"/><div xmlns="http://www.w3.org/1999/xhtml"><p><b>Generated Narrative: RelatedPerson</b><a name="relatedPersonDenovoFather"> </a></p><div style="display: inline-block; background-color: #d9e0e7; padding: 6px; margin: 4px; border: 1px solid #8da1b4; border-radius: 5px; line-height: 60%"><p style="margin-bottom: 0px">Resource RelatedPerson "relatedPersonDenovoFather" </p></div><p><b>identifier</b>: Medical record number: 11113 (use: TEMP, period: 2021-01-01 --&gt; (ongoing))</p><p><b>active</b>: true</p><p><b>patient</b>: <span title="  0..1 Whether this related person's record is in active use  "><a href="broken-link.html">Patient/denovoChild</a></span></p><p><b>relationship</b>: natural Father <span style="background: LightGoldenRodYellow; margin: 4px; border: 1px solid khaki"> (<a href="http://terminology.hl7.org/5.1.0/CodeSystem-v3-RoleCode.html">RoleCode</a>#NFTH)</span></p><p><b>name</b>: John Father Doe (OFFICIAL)</p><p><b>gender</b>: male</p><p><b>birthDate</b>: 2000-01-01</p></div></text><identifier>
    <use value="temp"/>
    <type>
      <coding>
        <system value="http://terminology.hl7.org/CodeSystem/v2-0203"/>
        <code value="MR"/>
        <display value="Medical record number"/>
      </coding>
    </type>
    <system value="http://www.somesystemabc.net/identifiers/persons"/>
    <value value="11113"/>
    <period>
      <start value="2021-01-01"/>
    </period>
    <assigner>
      <display value="Child Hospital"/>
    </assigner>
  </identifier>
 <active value="true"/>    <!--   0..1 Whether this related person's record is in active use   -->
 <patient>
   <reference value="Patient/denovoChild"/>
 </patient>
 <relationship> 
    <coding> 
      <system value="http://terminology.hl7.org/CodeSystem/v3-RoleCode"/> 
      <code value="NFTH"/>
      <display value="natural Father"/>
    </coding>     
 </relationship> 
 <name>
  <use value="official"/>
  <family value="Doe"/>
  <given value="John"/>
  <given value="Father"/>
 </name>
 <gender value="male"/>
 <birthDate value="2000-01-01"/>
</RelatedPerson>