<?xml version="1.0" encoding="UTF-8"?>

<ConceptMap xmlns="http://hl7.org/fhir">
  <id value="sc-allergyintolerance-verification"/>
  <text>
    <status value="extensions"/>
    <div xmlns="http://www.w3.org/1999/xhtml">
      <h2>AllergyIntoleranceVerificationStatusCanonicalMap (http://hl7.org/fhir/ConceptMap/sc-allergyintolerance-verification)</h2>
      <p>Mapping from 
        <a href="valueset-allergyintolerance-verification.html">AllergyIntolerance Verification Status</a> to 
        <a href="valueset-resource-status.html">Canonical Status Codes for FHIR Resources</a>
      </p>
      <p>DRAFT. Published on ?ngen-10? by FHIR Project team (
        <a href="http://hl7.org/fhir">http://hl7.org/fhir</a>). 
      </p>
      <div>
        <p>Canonical Mapping for &quot;The verification status to support or decline the clinical status of the allergy or intolerance.&quot;</p>

      </div>
      <br/>
      <p>
        <b>Group 1</b>Mapping from 
        <a href="http://terminology.hl7.org/5.1.0/CodeSystem-allergyintolerance-verification.html">AllergyIntolerance Verification Status</a> to 
        <a href="codesystem-resource-status.html">Canonical Status Codes for FHIR Resources</a>
      </p>
      <table class="grid">
        <tr>
          <td>
            <b>Source Code</b>
          </td>
          <td>
            <b>Relationship</b>
          </td>
          <td>
            <b>Target Code</b>
          </td>
        </tr>
        <tr>
          <td>entered-in-error</td>
          <td>
            <a href="codesystem-concept-map-relationship.html#equivalent" title="equivalent">is equivalent to</a>
          </td>
          <td>error</td>
        </tr>
        <tr>
          <td>presumed</td>
          <td>
            <a href="codesystem-concept-map-relationship.html#equivalent" title="equivalent">is equivalent to</a>
          </td>
          <td>draft</td>
        </tr>
        <tr>
          <td>unconfirmed</td>
          <td>
            <a href="codesystem-concept-map-relationship.html#equivalent" title="equivalent">is equivalent to</a>
          </td>
          <td>unconfirmed</td>
        </tr>
        <tr>
          <td>confirmed</td>
          <td>
            <a href="codesystem-concept-map-relationship.html#equivalent" title="equivalent">is equivalent to</a>
          </td>
          <td>confirmed</td>
        </tr>
        <tr>
          <td>refuted</td>
          <td>
            <a href="codesystem-concept-map-relationship.html#equivalent" title="equivalent">is equivalent to</a>
          </td>
          <td>refuted</td>
        </tr>
      </table>
    </div>
  </text>
  <url value="http://hl7.org/fhir/ConceptMap/sc-allergyintolerance-verification"/>
  <version value="5.0.0"/>
  <name value="AllergyIntoleranceVerificationStatusCanonicalMap"/>
  <title value="Canonical Mapping for &quot;AllergyIntolerance Verification Status&quot;"/>
  <status value="draft"/>
  <experimental value="false"/>
  <publisher value="FHIR Project team"/>
  <contact>
    <telecom>
      <system value="url"/>
      <value value="http://hl7.org/fhir"/>
    </telecom>
  </contact>
  <description value="Canonical Mapping for &quot;The verification status to support or decline the clinical status of the allergy or intolerance.&quot;"/>
  <jurisdiction>
    <coding>
      <system value="http://unstats.un.org/unsd/methods/m49/m49.htm"/>
      <code value="001"/>
      <display value="World"/>
    </coding>
  </jurisdiction>
  <sourceScopeCanonical value="http://hl7.org/fhir/ValueSet/allergyintolerance-verification"/>
  <targetScopeCanonical value="http://hl7.org/fhir/ValueSet/resource-status"/>
  <group>
    <source value="http://terminology.hl7.org/CodeSystem/allergyintolerance-verification"/>
    <target value="http://hl7.org/fhir/resource-status"/>
    <element>
      <code value="entered-in-error"/>
      <target>
        <code value="error"/>
        <relationship value="equivalent"/>
      </target>
    </element>
    <element>
      <code value="presumed"/>
      <target>
        <code value="draft"/>
        <relationship value="equivalent"/>
      </target>
    </element>
    <element>
      <code value="unconfirmed"/>
      <target>
        <code value="unconfirmed"/>
        <relationship value="equivalent"/>
      </target>
    </element>
    <element>
      <code value="confirmed"/>
      <target>
        <code value="confirmed"/>
        <relationship value="equivalent"/>
      </target>
    </element>
    <element>
      <code value="refuted"/>
      <target>
        <code value="refuted"/>
        <relationship value="equivalent"/>
      </target>
    </element>
  </group>
</ConceptMap>