<?xml version="1.0" encoding="UTF-8"?>

<ConceptMap xmlns="http://hl7.org/fhir">
  <id value="sc-verificationresult-status"/>
  <text>
    <status value="extensions"/>
    <div xmlns="http://www.w3.org/1999/xhtml">
      <h2>VerificationResultStatusCanonicalMap (http://hl7.org/fhir/ConceptMap/sc-verificationresult-status)</h2>
      <p>Mapping from 
        <a href="valueset-verificationresult-status.html">Verification Result status</a> to 
        <a href="valueset-resource-status.html">Canonical Status Codes for FHIR Resources</a>
      </p>
      <p>DRAFT. Published on 2018-06-06T00:06:02+10:00 by HL7 (FHIR Project) (
        <a href="http://hl7.org/fhir">http://hl7.org/fhir</a>, 
        <a href="mailto:fhir@lists.hl7.org">fhir@lists.hl7.org</a>). 
      </p>
      <div>
        <p>Canonical Mapping for &quot;The validation status of the target&quot;</p>

      </div>
      <br/>
      <p>
        <b>Group 1</b>Mapping from 
        <a href="codesystem-verificationresult-status.html">status</a> to 
        <a href="codesystem-resource-status.html">Canonical Status Codes for FHIR Resources</a>
      </p>
      <table class="grid">
        <tr>
          <td>
            <b>Source Code</b>
          </td>
          <td>
            <b>Relationship</b>
          </td>
          <td>
            <b>Target Code</b>
          </td>
        </tr>
        <tr>
          <td>entered-in-error</td>
          <td>
            <a href="codesystem-concept-map-relationship.html#equivalent" title="equivalent">is equivalent to</a>
          </td>
          <td>error</td>
        </tr>
        <tr>
          <td>attested</td>
          <td>
            <a href="codesystem-concept-map-relationship.html#equivalent" title="equivalent">is equivalent to</a>
          </td>
          <td>draft</td>
        </tr>
        <tr>
          <td>validated</td>
          <td>
            <a href="codesystem-concept-map-relationship.html#equivalent" title="equivalent">is equivalent to</a>
          </td>
          <td>accepted</td>
        </tr>
        <tr>
          <td>in-process</td>
          <td>
            <a href="codesystem-concept-map-relationship.html#equivalent" title="equivalent">is equivalent to</a>
          </td>
          <td>active</td>
        </tr>
        <tr>
          <td>val-fail (Validation failed)</td>
          <td>
            <a href="codesystem-concept-map-relationship.html#equivalent" title="equivalent">is equivalent to</a>
          </td>
          <td>failed</td>
        </tr>
        <tr>
          <td>reval-fail (Re-Validation failed)</td>
          <td>
            <a href="codesystem-concept-map-relationship.html#equivalent" title="equivalent">is equivalent to</a>
          </td>
          <td>failed</td>
        </tr>
        <tr>
          <td>req-revalid (Requires revalidation)</td>
          <td>
            <a href="codesystem-concept-map-relationship.html#equivalent" title="equivalent">is equivalent to</a>
          </td>
          <td>replaced</td>
        </tr>
      </table>
    </div>
  </text>
  <url value="http://hl7.org/fhir/ConceptMap/sc-verificationresult-status"/>
  <version value="5.0.0"/>
  <name value="VerificationResultStatusCanonicalMap"/>
  <title value="Canonical Mapping for &quot;Verification Result status&quot;"/>
  <status value="draft"/>
  <experimental value="false"/>
  <date value="2018-06-06T00:06:02+10:00"/>
  <publisher value="HL7 (FHIR Project)"/>
  <contact>
    <telecom>
      <system value="url"/>
      <value value="http://hl7.org/fhir"/>
    </telecom>
    <telecom>
      <system value="email"/>
      <value value="fhir@lists.hl7.org"/>
    </telecom>
  </contact>
  <description value="Canonical Mapping for &quot;The validation status of the target&quot;"/>
  <jurisdiction>
    <coding>
      <system value="http://unstats.un.org/unsd/methods/m49/m49.htm"/>
      <code value="001"/>
      <display value="World"/>
    </coding>
  </jurisdiction>
  <sourceScopeCanonical value="http://hl7.org/fhir/ValueSet/verificationresult-status"/>
  <targetScopeCanonical value="http://hl7.org/fhir/ValueSet/resource-status"/>
  <group>
    <source value="http://hl7.org/fhir/CodeSystem/verificationresult-status"/>
    <target value="http://hl7.org/fhir/resource-status"/>
    <element>
      <code value="entered-in-error"/>
      <target>
        <code value="error"/>
        <relationship value="equivalent"/>
      </target>
    </element>
    <element>
      <code value="attested"/>
      <target>
        <code value="draft"/>
        <relationship value="equivalent"/>
      </target>
    </element>
    <element>
      <code value="validated"/>
      <target>
        <code value="accepted"/>
        <relationship value="equivalent"/>
      </target>
    </element>
    <element>
      <code value="in-process"/>
      <target>
        <code value="active"/>
        <relationship value="equivalent"/>
      </target>
    </element>
    <element>
      <code value="val-fail"/>
      <target>
        <code value="failed"/>
        <relationship value="equivalent"/>
      </target>
    </element>
    <element>
      <code value="reval-fail"/>
      <target>
        <code value="failed"/>
        <relationship value="equivalent"/>
      </target>
    </element>
    <element>
      <code value="req-revalid"/>
      <target>
        <code value="replaced"/>
        <relationship value="equivalent"/>
      </target>
    </element>
  </group>
</ConceptMap>