<?xml version="1.0" encoding="UTF-8"?>

<ConceptMap xmlns="http://hl7.org/fhir">
  <id value="sc-fm-status"/>
  <text>
    <status value="extensions"/>
    <div xmlns="http://www.w3.org/1999/xhtml">
      <h2>FinancialResourceStatusCodesCanonicalMap (http://hl7.org/fhir/ConceptMap/sc-fm-status)</h2>
      <p>Mapping from 
        <a href="valueset-fm-status.html">Financial Resource Status Codes</a> to 
        <a href="valueset-resource-status.html">Canonical Status Codes for FHIR Resources</a>
      </p>
      <p>DRAFT. Published on ?ngen-10? by Financial Management (
        <a href="http://hl7.org/fhir">http://hl7.org/fhir</a>). 
      </p>
      <div>
        <p>Canonical Mapping for &quot;This value set includes Status codes.&quot;</p>

      </div>
      <br/>
      <p>
        <b>Group 1</b>Mapping from 
        <a href="codesystem-fm-status.html">Financial Resource Status Codes</a> to 
        <a href="codesystem-resource-status.html">Canonical Status Codes for FHIR Resources</a>
      </p>
      <table class="grid">
        <tr>
          <td>
            <b>Source Code</b>
          </td>
          <td>
            <b>Relationship</b>
          </td>
          <td>
            <b>Target Code</b>
          </td>
        </tr>
        <tr>
          <td>entered-in-error</td>
          <td>
            <a href="codesystem-concept-map-relationship.html#equivalent" title="equivalent">is equivalent to</a>
          </td>
          <td>error</td>
        </tr>
        <tr>
          <td>draft</td>
          <td>
            <a href="codesystem-concept-map-relationship.html#equivalent" title="equivalent">is equivalent to</a>
          </td>
          <td>draft</td>
        </tr>
        <tr>
          <td>active</td>
          <td>
            <a href="codesystem-concept-map-relationship.html#equivalent" title="equivalent">is equivalent to</a>
          </td>
          <td>active</td>
        </tr>
        <tr>
          <td>cancelled</td>
          <td>
            <a href="codesystem-concept-map-relationship.html#equivalent" title="equivalent">is equivalent to</a>
          </td>
          <td>abandoned</td>
        </tr>
      </table>
    </div>
  </text>
  <url value="http://hl7.org/fhir/ConceptMap/sc-fm-status"/>
  <version value="5.0.0"/>
  <name value="FinancialResourceStatusCodesCanonicalMap"/>
  <title value="Canonical Mapping for &quot;Financial Resource Status Codes&quot;"/>
  <status value="draft"/>
  <experimental value="false"/>
  <publisher value="Financial Management"/>
  <contact>
    <telecom>
      <system value="url"/>
      <value value="http://hl7.org/fhir"/>
    </telecom>
  </contact>
  <description value="Canonical Mapping for &quot;This value set includes Status codes.&quot;"/>
  <jurisdiction>
    <coding>
      <system value="http://unstats.un.org/unsd/methods/m49/m49.htm"/>
      <code value="001"/>
      <display value="World"/>
    </coding>
  </jurisdiction>
  <sourceScopeCanonical value="http://hl7.org/fhir/ValueSet/fm-status"/>
  <targetScopeCanonical value="http://hl7.org/fhir/ValueSet/resource-status"/>
  <group>
    <source value="http://hl7.org/fhir/fm-status"/>
    <target value="http://hl7.org/fhir/resource-status"/>
    <element>
      <code value="entered-in-error"/>
      <target>
        <code value="error"/>
        <relationship value="equivalent"/>
      </target>
    </element>
    <element>
      <code value="draft"/>
      <target>
        <code value="draft"/>
        <relationship value="equivalent"/>
      </target>
    </element>
    <element>
      <code value="active"/>
      <target>
        <code value="active"/>
        <relationship value="equivalent"/>
      </target>
    </element>
    <element>
      <code value="cancelled"/>
      <target>
        <code value="abandoned"/>
        <relationship value="equivalent"/>
      </target>
    </element>
  </group>
</ConceptMap>