<?xml version="1.0" encoding="UTF-8"?>

<ConceptMap xmlns="http://hl7.org/fhir">
  <id value="sc-event-status"/>
  <text>
    <status value="extensions"/>
    <div xmlns="http://www.w3.org/1999/xhtml">
      <h2>EventStatusCanonicalMap (http://hl7.org/fhir/ConceptMap/sc-event-status)</h2>
      <p>Mapping from 
        <a href="valueset-event-status.html">EventStatus</a> to 
        <a href="valueset-resource-status.html">Canonical Status Codes for FHIR Resources</a>
      </p>
      <p>DRAFT. Published on 2023-03-26T15:21:02+11:00 by HL7 (FHIR Project) (
        <a href="http://hl7.org/fhir">http://hl7.org/fhir</a>, 
        <a href="mailto:fhir@lists.hl7.org">fhir@lists.hl7.org</a>). 
      </p>
      <div>
        <p>Canonical Mapping for &quot;Codes identifying the lifecycle stage of an event.&quot;</p>

      </div>
      <br/>
      <p>
        <b>Group 1</b>Mapping from 
        <a href="codesystem-event-status.html">EventStatus</a> to 
        <a href="codesystem-resource-status.html">Canonical Status Codes for FHIR Resources</a>
      </p>
      <table class="grid">
        <tr>
          <td>
            <b>Source Code</b>
          </td>
          <td>
            <b>Relationship</b>
          </td>
          <td>
            <b>Target Code</b>
          </td>
        </tr>
        <tr>
          <td>entered-in-error</td>
          <td>
            <a href="codesystem-concept-map-relationship.html#equivalent" title="equivalent">is equivalent to</a>
          </td>
          <td>error</td>
        </tr>
        <tr>
          <td>preparation</td>
          <td>
            <a href="codesystem-concept-map-relationship.html#equivalent" title="equivalent">is equivalent to</a>
          </td>
          <td>planned</td>
        </tr>
        <tr>
          <td>in-progress</td>
          <td>
            <a href="codesystem-concept-map-relationship.html#equivalent" title="equivalent">is equivalent to</a>
          </td>
          <td>active</td>
        </tr>
        <tr>
          <td>on-hold</td>
          <td>
            <a href="codesystem-concept-map-relationship.html#equivalent" title="equivalent">is equivalent to</a>
          </td>
          <td>suspended</td>
        </tr>
        <tr>
          <td>stopped</td>
          <td>
            <a href="codesystem-concept-map-relationship.html#equivalent" title="equivalent">is equivalent to</a>
          </td>
          <td>failed</td>
        </tr>
        <tr>
          <td>completed</td>
          <td>
            <a href="codesystem-concept-map-relationship.html#equivalent" title="equivalent">is equivalent to</a>
          </td>
          <td>complete</td>
        </tr>
        <tr>
          <td>not-done</td>
          <td>
            <a href="codesystem-concept-map-relationship.html#equivalent" title="equivalent">is equivalent to</a>
          </td>
          <td>abandoned</td>
        </tr>
        <tr>
          <td>unknown</td>
          <td>
            <a href="codesystem-concept-map-relationship.html#equivalent" title="equivalent">is equivalent to</a>
          </td>
          <td>unknown</td>
        </tr>
      </table>
    </div>
  </text>
  <url value="http://hl7.org/fhir/ConceptMap/sc-event-status"/>
  <version value="5.0.0"/>
  <name value="EventStatusCanonicalMap"/>
  <title value="Canonical Mapping for &quot;EventStatus&quot;"/>
  <status value="draft"/>
  <experimental value="false"/>
  <date value="2023-03-26T15:21:02+11:00"/>
  <publisher value="HL7 (FHIR Project)"/>
  <contact>
    <telecom>
      <system value="url"/>
      <value value="http://hl7.org/fhir"/>
    </telecom>
    <telecom>
      <system value="email"/>
      <value value="fhir@lists.hl7.org"/>
    </telecom>
  </contact>
  <description value="Canonical Mapping for &quot;Codes identifying the lifecycle stage of an event.&quot;"/>
  <jurisdiction>
    <coding>
      <system value="http://unstats.un.org/unsd/methods/m49/m49.htm"/>
      <code value="001"/>
      <display value="World"/>
    </coding>
  </jurisdiction>
  <sourceScopeCanonical value="http://hl7.org/fhir/ValueSet/event-status"/>
  <targetScopeCanonical value="http://hl7.org/fhir/ValueSet/resource-status"/>
  <group>
    <source value="http://hl7.org/fhir/event-status"/>
    <target value="http://hl7.org/fhir/resource-status"/>
    <element>
      <code value="entered-in-error"/>
      <target>
        <code value="error"/>
        <relationship value="equivalent"/>
      </target>
    </element>
    <element>
      <code value="preparation"/>
      <target>
        <code value="planned"/>
        <relationship value="equivalent"/>
      </target>
    </element>
    <element>
      <code value="in-progress"/>
      <target>
        <code value="active"/>
        <relationship value="equivalent"/>
      </target>
    </element>
    <element>
      <code value="on-hold"/>
      <target>
        <code value="suspended"/>
        <relationship value="equivalent"/>
      </target>
    </element>
    <element>
      <code value="stopped"/>
      <target>
        <code value="failed"/>
        <relationship value="equivalent"/>
      </target>
    </element>
    <element>
      <code value="completed"/>
      <target>
        <code value="complete"/>
        <relationship value="equivalent"/>
      </target>
    </element>
    <element>
      <code value="not-done"/>
      <target>
        <code value="abandoned"/>
        <relationship value="equivalent"/>
      </target>
    </element>
    <element>
      <code value="unknown"/>
      <target>
        <code value="unknown"/>
        <relationship value="equivalent"/>
      </target>
    </element>
  </group>
</ConceptMap>