<?xml version="1.0" encoding="UTF-8"?>

<ConceptMap xmlns="http://hl7.org/fhir">
  <id value="sc-participationstatus"/>
  <text>
    <status value="extensions"/>
    <div xmlns="http://www.w3.org/1999/xhtml">
      <h2>ParticipationStatusCanonicalMap (http://hl7.org/fhir/ConceptMap/sc-participationstatus)</h2>
      <p>Mapping from 
        <a href="valueset-participationstatus.html">Participation Status</a> to 
        <a href="valueset-resource-status.html">Canonical Status Codes for FHIR Resources</a>
      </p>
      <p>DRAFT. Published on 2020-12-28T16:55:11+11:00 by HL7 (FHIR Project) (
        <a href="http://hl7.org/fhir">http://hl7.org/fhir</a>, 
        <a href="mailto:fhir@lists.hl7.org">fhir@lists.hl7.org</a>). 
      </p>
      <div>
        <p>Canonical Mapping for &quot;The Participation status of an appointment.&quot;</p>

      </div>
      <br/>
      <p>
        <b>Group 1</b>Mapping from 
        <a href="codesystem-participationstatus.html">Participation Status</a> to 
        <a href="codesystem-resource-status.html">Canonical Status Codes for FHIR Resources</a>
      </p>
      <table class="grid">
        <tr>
          <td>
            <b>Source Code</b>
          </td>
          <td>
            <b>Relationship</b>
          </td>
          <td>
            <b>Target Code</b>
          </td>
        </tr>
        <tr>
          <td>tentative</td>
          <td>
            <a href="codesystem-concept-map-relationship.html#equivalent" title="equivalent">is equivalent to</a>
          </td>
          <td>draft</td>
        </tr>
        <tr>
          <td>declined</td>
          <td>
            <a href="codesystem-concept-map-relationship.html#equivalent" title="equivalent">is equivalent to</a>
          </td>
          <td>declined</td>
        </tr>
        <tr>
          <td>accepted</td>
          <td>
            <a href="codesystem-concept-map-relationship.html#equivalent" title="equivalent">is equivalent to</a>
          </td>
          <td>accepted</td>
        </tr>
        <tr>
          <td>needs-action</td>
          <td>
            <a href="codesystem-concept-map-relationship.html#equivalent" title="equivalent">is equivalent to</a>
          </td>
          <td>failed</td>
        </tr>
      </table>
    </div>
  </text>
  <url value="http://hl7.org/fhir/ConceptMap/sc-participationstatus"/>
  <version value="5.0.0"/>
  <name value="ParticipationStatusCanonicalMap"/>
  <title value="Canonical Mapping for &quot;Participation Status&quot;"/>
  <status value="draft"/>
  <experimental value="false"/>
  <date value="2020-12-28T16:55:11+11:00"/>
  <publisher value="HL7 (FHIR Project)"/>
  <contact>
    <telecom>
      <system value="url"/>
      <value value="http://hl7.org/fhir"/>
    </telecom>
    <telecom>
      <system value="email"/>
      <value value="fhir@lists.hl7.org"/>
    </telecom>
  </contact>
  <description value="Canonical Mapping for &quot;The Participation status of an appointment.&quot;"/>
  <jurisdiction>
    <coding>
      <system value="http://unstats.un.org/unsd/methods/m49/m49.htm"/>
      <code value="001"/>
      <display value="World"/>
    </coding>
  </jurisdiction>
  <sourceScopeCanonical value="http://hl7.org/fhir/ValueSet/participationstatus"/>
  <targetScopeCanonical value="http://hl7.org/fhir/ValueSet/resource-status"/>
  <group>
    <source value="http://hl7.org/fhir/participationstatus"/>
    <target value="http://hl7.org/fhir/resource-status"/>
    <element>
      <code value="tentative"/>
      <target>
        <code value="draft"/>
        <relationship value="equivalent"/>
      </target>
    </element>
    <element>
      <code value="declined"/>
      <target>
        <code value="declined"/>
        <relationship value="equivalent"/>
      </target>
    </element>
    <element>
      <code value="accepted"/>
      <target>
        <code value="accepted"/>
        <relationship value="equivalent"/>
      </target>
    </element>
    <element>
      <code value="needs-action"/>
      <target>
        <code value="failed"/>
        <relationship value="equivalent"/>
      </target>
    </element>
  </group>
</ConceptMap>