<?xml version="1.0" encoding="UTF-8"?><ValueSet xmlns="http://hl7.org/fhir">
  <id value="example-intensional"/>
  <meta>
    <profile value="http://hl7.org/fhir/StructureDefinition/shareablevalueset"/>
  
    <security>
      <system value="http://terminology.hl7.org/CodeSystem/v3-ActReason"/>
      <code value="HTEST"/>
      <display value="test health data"/>
    </security>
  </meta>
  <text>
    <status value="additional"/>
    <div xmlns="http://www.w3.org/1999/xhtml">
      
      <p>Value set "LOINC Codes for Cholesterol": This is an example value set that includes 
        all the  codes for serum cholesterol from LOINC v2.36.</p>
      
      <p>Developed by: FHIR project team (example)</p>
      
      <p>Published for testing on 13-June 2012</p>
      
      <p>This value set includes all the LOINC codes in LOINC Part Concept Cholesterol | Bld-Ser-Plas (LP43571-6), except for 5932-9 Cholesterol [Presence] in Blood by Test strip</p>
      
      <p>This content from LOINC® is copyright © 1995 Regenstrief Institute, Inc. and the LOINC Committee, and available at no cost under the license at http://loinc.org/terms-of-use</p>
    
    </div>
  </text>
  <url value="http://hl7.org/fhir/ValueSet/example-intensional"/>
  <identifier>
    <system value="urn:ietf:rfc:3986"/>
    <value value="urn:oid:2.16.840.1.113883.4.642.3.3145"/>
  </identifier>
  <identifier>
    <system value="http://acme.com/identifiers/valuesets"/>
    <value value="loinc-cholesterol-ext"/>
  </identifier>
  <version value="5.0.0"/>
  <name value="LOINCCodesForCholesterolInSerumPlasma"/>
  <title value="LOINC Codes for Cholesterol in Serum/Plasma"/>
  <status value="draft"/>
  <experimental value="true"/>
  <date value="2015-06-22"/>
  <publisher value="HL7 International"/>
  <contact>
    <name value="FHIR project team"/>
    <telecom>
      <system value="url"/>
      <value value="http://hl7.org/fhir"/>
    </telecom>
  </contact>
  <description value="This is an example value set that includes all the LOINC codes for serum/plasma cholesterol from v2.36."/>
  <copyright value="This content from LOINCÂ® is copyright Â© 1995 Regenstrief Institute, Inc. and the LOINC Committee, and available at no cost under the license at http://loinc.org/terms-of-use"/>
  <compose>
    <include>
      <system value="http://loinc.org"/>
      <filter>
        <property value="parent"/>
        <op value="="/>
        <value value="LP43571-6"/>
      </filter>
    </include>
    <exclude>
      <system value="http://loinc.org"/>
      <concept>
        <code value="5932-9"/>
        <display value="Cholesterol [Presence] in Blood by Test strip"/>
      </concept>
    </exclude>
  </compose>
</ValueSet>